,rates,start_at,base,end_at
2018-01-02,"{'EUR': 0.1343417924, 'USD': 0.1620833725, 'GBP': 0.1195010546}",2018-01-01,DKK,2021-01-01
2018-01-03,"{'EUR': 0.1343327691, 'USD': 0.1615082883, 'GBP': 0.1190725666}",2018-01-01,DKK,2021-01-01
2018-01-04,"{'EUR': 0.1343201386, 'USD': 0.1620572472, 'GBP': 0.1196832731}",2018-01-01,DKK,2021-01-01
2018-01-05,"{'EUR': 0.1343020991, 'USD': 0.1617668784, 'GBP': 0.1193717348}",2018-01-01,DKK,2021-01-01
2018-01-08,"{'EUR': 0.134287671, 'USD': 0.1607826285, 'GBP': 0.1187277586}",2018-01-01,DKK,2021-01-01
2018-01-09,"{'EUR': 0.1342840645, 'USD': 0.1602277458, 'GBP': 0.1185325437}",2018-01-01,DKK,2021-01-01
2018-01-10,"{'EUR': 0.1342840645, 'USD': 0.1610334502, 'GBP': 0.11906968}",2018-01-01,DKK,2021-01-01
2018-01-11,"{'EUR': 0.134275049, 'USD': 0.1613583264, 'GBP': 0.1196054999}",2018-01-01,DKK,2021-01-01
2018-01-12,"{'EUR': 0.1342516144, 'USD': 0.1629411844, 'GBP': 0.119461114}",2018-01-01,DKK,2021-01-01
2018-01-15,"{'EUR': 0.1342353952, 'USD': 0.1648007947, 'GBP': 0.1195272229}",2018-01-01,DKK,2021-01-01
2018-01-16,"{'EUR': 0.1342426032, 'USD': 0.1641787038, 'GBP': 0.1192879772}",2018-01-01,DKK,2021-01-01
2018-01-17,"{'EUR': 0.1342840645, 'USD': 0.1638668439, 'GBP': 0.1189327103}",2018-01-01,DKK,2021-01-01
2018-01-18,"{'EUR': 0.1342732461, 'USD': 0.1642833165, 'GBP': 0.1184397449}",2018-01-01,DKK,2021-01-01
2018-01-19,"{'EUR': 0.1343111183, 'USD': 0.1645982754, 'GBP': 0.1186840197}",2018-01-01,DKK,2021-01-01
2018-01-22,"{'EUR': 0.1343327691, 'USD': 0.1644098761, 'GBP': 0.1183270197}",2018-01-01,DKK,2021-01-01
2018-01-23,"{'EUR': 0.134345402, 'USD': 0.1645596829, 'GBP': 0.1179955666}",2018-01-01,DKK,2021-01-01
2018-01-24,"{'EUR': 0.1343165303, 'USD': 0.1659077783, 'GBP': 0.1171011806}",2018-01-01,DKK,2021-01-01
2018-01-25,"{'EUR': 0.1343291602, 'USD': 0.166662189, 'GBP': 0.1169174144}",2018-01-01,DKK,2021-01-01
2018-01-26,"{'EUR': 0.1343580373, 'USD': 0.1670876552, 'GBP': 0.1173415919}",2018-01-01,DKK,2021-01-01
2018-01-29,"{'EUR': 0.1343598425, 'USD': 0.1663240491, 'GBP': 0.1181560455}",2018-01-01,DKK,2021-01-01
2018-01-30,"{'EUR': 0.1343815091, 'USD': 0.1669152725, 'GBP': 0.118161661}",2018-01-01,DKK,2021-01-01
2018-01-31,"{'EUR': 0.1343742861, 'USD': 0.1673900482, 'GBP': 0.1181284349}",2018-01-01,DKK,2021-01-01
2018-02-01,"{'EUR': 0.1343580373, 'USD': 0.1673966787, 'GBP': 0.1175901542}",2018-01-01,DKK,2021-01-01
2018-02-02,"{'EUR': 0.1343562321, 'USD': 0.1678378052, 'GBP': 0.1180319499}",2018-01-01,DKK,2021-01-01
2018-02-05,"{'EUR': 0.1343490119, 'USD': 0.1671301708, 'GBP': 0.1189902328}",2018-01-01,DKK,2021-01-01
2018-02-06,"{'EUR': 0.1343562321, 'USD': 0.1656477986, 'GBP': 0.1194225369}",2018-01-01,DKK,2021-01-01
2018-02-07,"{'EUR': 0.134354427, 'USD': 0.165766492, 'GBP': 0.1191387881}",2018-01-01,DKK,2021-01-01
2018-02-08,"{'EUR': 0.1343688694, 'USD': 0.1646287388, 'GBP': 0.1175902287}",2018-01-01,DKK,2021-01-01
2018-02-09,"{'EUR': 0.1343417924, 'USD': 0.1648776818, 'GBP': 0.1192149066}",2018-01-01,DKK,2021-01-01
2018-02-12,"{'EUR': 0.1343039029, 'USD': 0.1646968761, 'GBP': 0.1189932579}",2018-01-01,DKK,2021-01-01
2018-02-13,"{'EUR': 0.1342498121, 'USD': 0.1655702932, 'GBP': 0.1193950703}",2018-01-01,DKK,2021-01-01
2018-02-14,"{'EUR': 0.1342498121, 'USD': 0.1657716679, 'GBP': 0.1195360326}",2018-01-01,DKK,2021-01-01
2018-02-15,"{'EUR': 0.1342408011, 'USD': 0.1677070329, 'GBP': 0.1190178943}",2018-01-01,DKK,2021-01-01
2018-02-16,"{'EUR': 0.1342624293, 'USD': 0.1673446919, 'GBP': 0.1192290651}",2018-01-01,DKK,2021-01-01
2018-02-19,"{'EUR': 0.134264232, 'USD': 0.1666219119, 'GBP': 0.1189446831}",2018-01-01,DKK,2021-01-01
2018-02-20,"{'EUR': 0.134276852, 'USD': 0.1656976354, 'GBP': 0.1183892149}",2018-01-01,DKK,2021-01-01
2018-02-21,"{'EUR': 0.1342912778, 'USD': 0.1653394212, 'GBP': 0.1187980931}",2018-01-01,DKK,2021-01-01
2018-02-22,"{'EUR': 0.1342966882, 'USD': 0.1648626145, 'GBP': 0.1186417233}",2018-01-01,DKK,2021-01-01
2018-02-23,"{'EUR': 0.1342840645, 'USD': 0.1651559709, 'GBP': 0.1180894063}",2018-01-01,DKK,2021-01-01
2018-02-26,"{'EUR': 0.1343020991, 'USD': 0.1654601861, 'GBP': 0.1179441035}",2018-01-01,DKK,2021-01-01
2018-02-27,"{'EUR': 0.1343002955, 'USD': 0.1652027934, 'GBP': 0.1187214612}",2018-01-01,DKK,2021-01-01
2018-02-28,"{'EUR': 0.1342912778, 'USD': 0.1640233667, 'GBP': 0.1187336333}",2018-01-01,DKK,2021-01-01
2018-03-01,"{'EUR': 0.1342822613, 'USD': 0.1634349402, 'GBP': 0.1188666577}",2018-01-01,DKK,2021-01-01
2018-03-02,"{'EUR': 0.1342660347, 'USD': 0.1653083419, 'GBP': 0.1199264222}",2018-01-01,DKK,2021-01-01
2018-03-05,"{'EUR': 0.1342858678, 'USD': 0.1652656174, 'GBP': 0.1196084224}",2018-01-01,DKK,2021-01-01
2018-03-06,"{'EUR': 0.1342389991, 'USD': 0.1666040218, 'GBP': 0.1196942036}",2018-01-01,DKK,2021-01-01
2018-03-07,"{'EUR': 0.1342245846, 'USD': 0.1666666667, 'GBP': 0.1201484524}",2018-01-01,DKK,2021-01-01
2018-03-08,"{'EUR': 0.1342191799, 'USD': 0.1667136434, 'GBP': 0.1200791893}",2018-01-01,DKK,2021-01-01
2018-03-09,"{'EUR': 0.1342389991, 'USD': 0.1649931538, 'GBP': 0.1193290735}",2018-01-01,DKK,2021-01-01
2018-03-12,"{'EUR': 0.1342353952, 'USD': 0.1651363832, 'GBP': 0.1189191366}",2018-01-01,DKK,2021-01-01
2018-03-13,"{'EUR': 0.1342534167, 'USD': 0.1661788793, 'GBP': 0.1190156539}",2018-01-01,DKK,2021-01-01
2018-03-14,"{'EUR': 0.1342408011, 'USD': 0.1660424469, 'GBP': 0.1189776221}",2018-01-01,DKK,2021-01-01
2018-03-15,"{'EUR': 0.1342516144, 'USD': 0.1656799173, 'GBP': 0.1187858284}",2018-01-01,DKK,2021-01-01
2018-03-16,"{'EUR': 0.1342534167, 'USD': 0.1651451279, 'GBP': 0.1184826679}",2018-01-01,DKK,2021-01-01
2018-03-19,"{'EUR': 0.1342570216, 'USD': 0.1652569679, 'GBP': 0.117599753}",2018-01-01,DKK,2021-01-01
2018-03-20,"{'EUR': 0.1342552192, 'USD': 0.1648117071, 'GBP': 0.1177619655}",2018-01-01,DKK,2021-01-01
2018-03-21,"{'EUR': 0.1342534167, 'USD': 0.1649437478, 'GBP': 0.1173415138}",2018-01-01,DKK,2021-01-01
2018-03-22,"{'EUR': 0.1342570216, 'USD': 0.1653509479, 'GBP': 0.1170721229}",2018-01-01,DKK,2021-01-01
2018-03-23,"{'EUR': 0.1342678375, 'USD': 0.1657670722, 'GBP': 0.1171956819}",2018-01-01,DKK,2021-01-01
2018-03-26,"{'EUR': 0.1342606267, 'USD': 0.1666308638, 'GBP': 0.1171397116}",2018-01-01,DKK,2021-01-01
2018-03-27,"{'EUR': 0.1342480098, 'USD': 0.1661453369, 'GBP': 0.1180576998}",2018-01-01,DKK,2021-01-01
2018-03-28,"{'EUR': 0.1342047696, 'USD': 0.1663870734, 'GBP': 0.1175700884}",2018-01-01,DKK,2021-01-01
2018-03-29,"{'EUR': 0.1341741581, 'USD': 0.1653159801, 'GBP': 0.1173889709}",2018-01-01,DKK,2021-01-01
2018-04-03,"{'EUR': 0.1342426032, 'USD': 0.1652257961, 'GBP': 0.1174931536}",2018-01-01,DKK,2021-01-01
2018-04-04,"{'EUR': 0.1342299897, 'USD': 0.1647807353, 'GBP': 0.1175492288}",2018-01-01,DKK,2021-01-01
2018-04-05,"{'EUR': 0.1342786551, 'USD': 0.1646256311, 'GBP': 0.1173528306}",2018-01-01,DKK,2021-01-01
2018-04-06,"{'EUR': 0.134275049, 'USD': 0.164272095, 'GBP': 0.117215404}",2018-01-01,DKK,2021-01-01
2018-04-09,"{'EUR': 0.1342840645, 'USD': 0.165223113, 'GBP': 0.1169453061}",2018-01-01,DKK,2021-01-01
2018-04-10,"{'EUR': 0.1342858678, 'USD': 0.1659907611, 'GBP': 0.1170744481}",2018-01-01,DKK,2021-01-01
2018-04-11,"{'EUR': 0.1343201386, 'USD': 0.1663420597, 'GBP': 0.1173420731}",2018-01-01,DKK,2021-01-01
2018-04-12,"{'EUR': 0.1343165303, 'USD': 0.1655182603, 'GBP': 0.1165128742}",2018-01-01,DKK,2021-01-01
2018-04-13,"{'EUR': 0.134287671, 'USD': 0.1654021244, 'GBP': 0.1160245478}",2018-01-01,DKK,2021-01-01
2018-04-16,"{'EUR': 0.134276852, 'USD': 0.1661004659, 'GBP': 0.1161024801}",2018-01-01,DKK,2021-01-01
2018-04-17,"{'EUR': 0.134275049, 'USD': 0.1659236781, 'GBP': 0.1158525123}",2018-01-01,DKK,2021-01-01
2018-04-18,"{'EUR': 0.1342678375, 'USD': 0.1663309971, 'GBP': 0.1169539998}",2018-01-01,DKK,2021-01-01
2018-04-19,"{'EUR': 0.1342678375, 'USD': 0.1662504364, 'GBP': 0.1167794517}",2018-01-01,DKK,2021-01-01
2018-04-20,"{'EUR': 0.1342696403, 'USD': 0.1652725002, 'GBP': 0.1176309465}",2018-01-01,DKK,2021-01-01
2018-04-23,"{'EUR': 0.1342696403, 'USD': 0.1643191858, 'GBP': 0.1176739128}",2018-01-01,DKK,2021-01-01
2018-04-24,"{'EUR': 0.1342678375, 'USD': 0.1639813099, 'GBP': 0.1174413921}",2018-01-01,DKK,2021-01-01
2018-04-25,"{'EUR': 0.1342480098, 'USD': 0.1635811999, 'GBP': 0.1173059109}",2018-01-01,DKK,2021-01-01
2018-04-26,"{'EUR': 0.1342119744, 'USD': 0.1633091304, 'GBP': 0.1168986297}",2018-01-01,DKK,2021-01-01
2018-04-27,"{'EUR': 0.1342263862, 'USD': 0.1620112482, 'GBP': 0.1177165407}",2018-01-01,DKK,2021-01-01
2018-04-30,"{'EUR': 0.1342263862, 'USD': 0.1621320519, 'GBP': 0.1180655293}",2018-01-01,DKK,2021-01-01
2018-05-02,"{'EUR': 0.1342498121, 'USD': 0.1611937493, 'GBP': 0.1181935345}",2018-01-01,DKK,2021-01-01
2018-05-03,"{'EUR': 0.1342335933, 'USD': 0.1609729251, 'GBP': 0.1183671826}",2018-01-01,DKK,2021-01-01
2018-05-04,"{'EUR': 0.1342426032, 'USD': 0.1606749718, 'GBP': 0.118448961}",2018-01-01,DKK,2021-01-01
2018-05-07,"{'EUR': 0.1342534167, 'USD': 0.1597884166, 'GBP': 0.1181564321}",2018-01-01,DKK,2021-01-01
2018-05-08,"{'EUR': 0.134222783, 'USD': 0.1593224434, 'GBP': 0.1180220931}",2018-01-01,DKK,2021-01-01
2018-05-09,"{'EUR': 0.1342371971, 'USD': 0.1594603665, 'GBP': 0.117383717}",2018-01-01,DKK,2021-01-01
2018-05-10,"{'EUR': 0.1342353952, 'USD': 0.1594448024, 'GBP': 0.1178721005}",2018-01-01,DKK,2021-01-01
2018-05-11,"{'EUR': 0.1342317915, 'USD': 0.1601922199, 'GBP': 0.1181239765}",2018-01-01,DKK,2021-01-01
2018-05-14,"{'EUR': 0.1342191799, 'USD': 0.1609019529, 'GBP': 0.1184350044}",2018-01-01,DKK,2021-01-01
2018-05-15,"{'EUR': 0.1342426032, 'USD': 0.1595204854, 'GBP': 0.1179992482}",2018-01-01,DKK,2021-01-01
2018-05-16,"{'EUR': 0.1342516144, 'USD': 0.1582021024, 'GBP': 0.1173600763}",2018-01-01,DKK,2021-01-01
2018-05-17,"{'EUR': 0.1342624293, 'USD': 0.1584967978, 'GBP': 0.117278232}",2018-01-01,DKK,2021-01-01
2018-05-18,"{'EUR': 0.1342588242, 'USD': 0.1581703207, 'GBP': 0.1172415182}",2018-01-01,DKK,2021-01-01
2018-05-21,"{'EUR': 0.1342804582, 'USD': 0.1579003908, 'GBP': 0.1176833935}",2018-01-01,DKK,2021-01-01
2018-05-22,"{'EUR': 0.1342678375, 'USD': 0.1583554875, 'GBP': 0.1177367813}",2018-01-01,DKK,2021-01-01
2018-05-23,"{'EUR': 0.1342371971, 'USD': 0.1571649104, 'GBP': 0.118065642}",2018-01-01,DKK,2021-01-01
2018-05-24,"{'EUR': 0.1342353952, 'USD': 0.1574312715, 'GBP': 0.1174224119}",2018-01-01,DKK,2021-01-01
2018-05-25,"{'EUR': 0.1342552192, 'USD': 0.1567429684, 'GBP': 0.1175270189}",2018-01-01,DKK,2021-01-01
2018-05-28,"{'EUR': 0.134275049, 'USD': 0.1563498671, 'GBP': 0.1174436716}",2018-01-01,DKK,2021-01-01
2018-05-29,"{'EUR': 0.1343562321, 'USD': 0.1552889331, 'GBP': 0.1170820514}",2018-01-01,DKK,2021-01-01
2018-05-30,"{'EUR': 0.1343508169, 'USD': 0.1562768702, 'GBP': 0.1175569647}",2018-01-01,DKK,2021-01-01
2018-05-31,"{'EUR': 0.1343435972, 'USD': 0.1571685743, 'GBP': 0.117792466}",2018-01-01,DKK,2021-01-01
2018-06-01,"{'EUR': 0.1343345737, 'USD': 0.156755014, 'GBP': 0.1177845542}",2018-01-01,DKK,2021-01-01
2018-06-04,"{'EUR': 0.1343472069, 'USD': 0.1576833168, 'GBP': 0.1177862267}",2018-01-01,DKK,2021-01-01
2018-06-05,"{'EUR': 0.1343634531, 'USD': 0.1568693315, 'GBP': 0.1174202217}",2018-01-01,DKK,2021-01-01
2018-06-06,"{'EUR': 0.1343435972, 'USD': 0.1580552421, 'GBP': 0.1177964963}",2018-01-01,DKK,2021-01-01
2018-06-07,"{'EUR': 0.1342588242, 'USD': 0.1589087443, 'GBP': 0.1183129036}",2018-01-01,DKK,2021-01-01
2018-06-08,"{'EUR': 0.1342714431, 'USD': 0.1578226543, 'GBP': 0.1178003652}",2018-01-01,DKK,2021-01-01
2018-06-11,"{'EUR': 0.1342426032, 'USD': 0.1582720292, 'GBP': 0.1183751275}",2018-01-01,DKK,2021-01-01
2018-06-12,"{'EUR': 0.134222783, 'USD': 0.1582218166, 'GBP': 0.1183509389}",2018-01-01,DKK,2021-01-01
2018-06-13,"{'EUR': 0.134222783, 'USD': 0.1578996819, 'GBP': 0.1183979169}",2018-01-01,DKK,2021-01-01
2018-06-14,"{'EUR': 0.1342299897, 'USD': 0.1574517779, 'GBP': 0.1176968818}",2018-01-01,DKK,2021-01-01
2018-06-15,"{'EUR': 0.134222783, 'USD': 0.1556447391, 'GBP': 0.1172033341}",2018-01-01,DKK,2021-01-01
2018-06-18,"{'EUR': 0.1342281879, 'USD': 0.1558791946, 'GBP': 0.1176577181}",2018-01-01,DKK,2021-01-01
2018-06-19,"{'EUR': 0.1341759584, 'USD': 0.1547585504, 'GBP': 0.1176629232}",2018-01-01,DKK,2021-01-01
2018-06-20,"{'EUR': 0.13418316, 'USD': 0.1553572627, 'GBP': 0.1179174774}",2018-01-01,DKK,2021-01-01
2018-06-21,"{'EUR': 0.1341921632, 'USD': 0.1548309179, 'GBP': 0.117243693}",2018-01-01,DKK,2021-01-01
2018-06-22,"{'EUR': 0.1341813595, 'USD': 0.1562944476, 'GBP': 0.1176274052}",2018-01-01,DKK,2021-01-01
2018-06-25,"{'EUR': 0.1341975657, 'USD': 0.1570111518, 'GBP': 0.1181475368}",2018-01-01,DKK,2021-01-01
2018-06-26,"{'EUR': 0.1342101731, 'USD': 0.1566501141, 'GBP': 0.1183196886}",2018-01-01,DKK,2021-01-01
2018-06-27,"{'EUR': 0.1342155771, 'USD': 0.1559048143, 'GBP': 0.1183419008}",2018-01-01,DKK,2021-01-01
2018-06-28,"{'EUR': 0.1342119744, 'USD': 0.1554577299, 'GBP': 0.1188044397}",2018-01-01,DKK,2021-01-01
2018-06-29,"{'EUR': 0.13418316, 'USD': 0.1564307279, 'GBP': 0.1188929889}",2018-01-01,DKK,2021-01-01
2018-07-02,"{'EUR': 0.1342209814, 'USD': 0.1562198003, 'GBP': 0.1189869}",2018-01-01,DKK,2021-01-01
2018-07-03,"{'EUR': 0.1342173785, 'USD': 0.156564572, 'GBP': 0.1185810539}",2018-01-01,DKK,2021-01-01
2018-07-04,"{'EUR': 0.1342155771, 'USD': 0.1562537748, 'GBP': 0.1182546606}",2018-01-01,DKK,2021-01-01
2018-07-05,"{'EUR': 0.1342155771, 'USD': 0.1571530192, 'GBP': 0.1185257761}",2018-01-01,DKK,2021-01-01
2018-07-06,"{'EUR': 0.1341777587, 'USD': 0.1573100043, 'GBP': 0.1188747853}",2018-01-01,DKK,2021-01-01
2018-07-09,"{'EUR': 0.1341669574, 'USD': 0.158169426, 'GBP': 0.1185297985}",2018-01-01,DKK,2021-01-01
2018-07-10,"{'EUR': 0.1341633573, 'USD': 0.1571455404, 'GBP': 0.1185172266}",2018-01-01,DKK,2021-01-01
2018-07-11,"{'EUR': 0.134154358, 'USD': 0.1574301391, 'GBP': 0.118702459}",2018-01-01,DKK,2021-01-01
2018-07-12,"{'EUR': 0.1341309655, 'USD': 0.1563698796, 'GBP': 0.1183880141}",2018-01-01,DKK,2021-01-01
2018-07-13,"{'EUR': 0.1341291664, 'USD': 0.1561665884, 'GBP': 0.1186882168}",2018-01-01,DKK,2021-01-01
2018-07-16,"{'EUR': 0.1341399616, 'USD': 0.157212035, 'GBP': 0.1184053441}",2018-01-01,DKK,2021-01-01
2018-07-17,"{'EUR': 0.1341561578, 'USD': 0.1570566139, 'GBP': 0.119030051}",2018-01-01,DKK,2021-01-01
2018-07-18,"{'EUR': 0.134148959, 'USD': 0.1557603563, 'GBP': 0.1195508693}",2018-01-01,DKK,2021-01-01
2018-07-19,"{'EUR': 0.1341615573, 'USD': 0.1554664127, 'GBP': 0.1198035875}",2018-01-01,DKK,2021-01-01
2018-07-20,"{'EUR': 0.1341921632, 'USD': 0.1566022544, 'GBP': 0.1200281804}",2018-01-01,DKK,2021-01-01
2018-07-23,"{'EUR': 0.1342119744, 'USD': 0.1572427492, 'GBP': 0.1196768176}",2018-01-01,DKK,2021-01-01
2018-07-24,"{'EUR': 0.1342209814, 'USD': 0.1571190809, 'GBP': 0.1196955868}",2018-01-01,DKK,2021-01-01
2018-07-25,"{'EUR': 0.1342047696, 'USD': 0.1568853757, 'GBP': 0.1192476481}",2018-01-01,DKK,2021-01-01
2018-07-26,"{'EUR': 0.1341975657, 'USD': 0.1572258679, 'GBP': 0.1192479568}",2018-01-01,DKK,2021-01-01
2018-07-27,"{'EUR': 0.1342281879, 'USD': 0.1560402685, 'GBP': 0.1192255034}",2018-01-01,DKK,2021-01-01
2018-07-30,"{'EUR': 0.1342408011, 'USD': 0.1568469521, 'GBP': 0.1195682816}",2018-01-01,DKK,2021-01-01
2018-07-31,"{'EUR': 0.1342299897, 'USD': 0.1575323159, 'GBP': 0.1197599968}",2018-01-01,DKK,2021-01-01
2018-08-01,"{'EUR': 0.1342029686, 'USD': 0.156963792, 'GBP': 0.1194943232}",2018-01-01,DKK,2021-01-01
2018-08-02,"{'EUR': 0.1342011676, 'USD': 0.1559014963, 'GBP': 0.1196336308}",2018-01-01,DKK,2021-01-01
2018-08-03,"{'EUR': 0.1341813595, 'USD': 0.1554893594, 'GBP': 0.1194885007}",2018-01-01,DKK,2021-01-01
2018-08-06,"{'EUR': 0.1341921632, 'USD': 0.154898014, 'GBP': 0.1198067633}",2018-01-01,DKK,2021-01-01
2018-08-07,"{'EUR': 0.1341921632, 'USD': 0.1556897477, 'GBP': 0.1200791734}",2018-01-01,DKK,2021-01-01
2018-08-08,"{'EUR': 0.1341669574, 'USD': 0.1554860869, 'GBP': 0.1208643035}",2018-01-01,DKK,2021-01-01
2018-08-09,"{'EUR': 0.1341093796, 'USD': 0.1554730038, 'GBP': 0.120617976}",2018-01-01,DKK,2021-01-01
2018-08-10,"{'EUR': 0.134148959, 'USD': 0.1536810474, 'GBP': 0.120298079}",2018-01-01,DKK,2021-01-01
2018-08-13,"{'EUR': 0.1341633573, 'USD': 0.1529864763, 'GBP': 0.1198481271}",2018-01-01,DKK,2021-01-01
2018-08-14,"{'EUR': 0.1341471594, 'USD': 0.1530082501, 'GBP': 0.1197934134}",2018-01-01,DKK,2021-01-01
2018-08-15,"{'EUR': 0.1340949929, 'USD': 0.1518089415, 'GBP': 0.1195188672}",2018-01-01,DKK,2021-01-01
2018-08-16,"{'EUR': 0.1340967911, 'USD': 0.1524680514, 'GBP': 0.1200139461}",2018-01-01,DKK,2021-01-01
2018-08-17,"{'EUR': 0.1340878007, 'USD': 0.1527394138, 'GBP': 0.1201091475}",2018-01-01,DKK,2021-01-01
2018-08-20,"{'EUR': 0.1340698236, 'USD': 0.1531077385, 'GBP': 0.1199629967}",2018-01-01,DKK,2021-01-01
2018-08-21,"{'EUR': 0.1340770138, 'USD': 0.1542153813, 'GBP': 0.1203207122}",2018-01-01,DKK,2021-01-01
2018-08-22,"{'EUR': 0.1340698236, 'USD': 0.1557355071, 'GBP': 0.1205663109}",2018-01-01,DKK,2021-01-01
2018-08-23,"{'EUR': 0.1340662287, 'USD': 0.1552352862, 'GBP': 0.120496045}",2018-01-01,DKK,2021-01-01
2018-08-24,"{'EUR': 0.1340626341, 'USD': 0.1553517804, 'GBP': 0.1209244959}",2018-01-01,DKK,2021-01-01
2018-08-27,"{'EUR': 0.1340806093, 'USD': 0.1559759728, 'GBP': 0.1211619426}",2018-01-01,DKK,2021-01-01
2018-08-28,"{'EUR': 0.1340949929, 'USD': 0.1570252367, 'GBP': 0.1215973396}",2018-01-01,DKK,2021-01-01
2018-08-29,"{'EUR': 0.1341003876, 'USD': 0.1563610519, 'GBP': 0.1213608507}",2018-01-01,DKK,2021-01-01
2018-08-30,"{'EUR': 0.1341057826, 'USD': 0.1567964811, 'GBP': 0.1203706684}",2018-01-01,DKK,2021-01-01
2018-08-31,"{'EUR': 0.1341237694, 'USD': 0.1562676037, 'GBP': 0.1203626707}",2018-01-01,DKK,2021-01-01
2018-09-03,"{'EUR': 0.1341633573, 'USD': 0.1557502415, 'GBP': 0.1209589997}",2018-01-01,DKK,2021-01-01
2018-09-04,"{'EUR': 0.1341453599, 'USD': 0.1550988651, 'GBP': 0.1208086282}",2018-01-01,DKK,2021-01-01
2018-09-05,"{'EUR': 0.1341219705, 'USD': 0.1553400663, 'GBP': 0.1211496935}",2018-01-01,DKK,2021-01-01
2018-09-06,"{'EUR': 0.1341075811, 'USD': 0.1560207599, 'GBP': 0.1204607936}",2018-01-01,DKK,2021-01-01
2018-09-07,"{'EUR': 0.1340842049, 'USD': 0.155738804, 'GBP': 0.1197036739}",2018-01-01,DKK,2021-01-01
2018-09-10,"{'EUR': 0.1340860028, 'USD': 0.1551509138, 'GBP': 0.1197924349}",2018-01-01,DKK,2021-01-01
2018-09-11,"{'EUR': 0.1340572424, 'USD': 0.1551578524, 'GBP': 0.1194021047}",2018-01-01,DKK,2021-01-01
2018-09-12,"{'EUR': 0.1340590396, 'USD': 0.1553073974, 'GBP': 0.1193500818}",2018-01-01,DKK,2021-01-01
2018-09-13,"{'EUR': 0.1340554453, 'USD': 0.1557724275, 'GBP': 0.1193093463}",2018-01-01,DKK,2021-01-01
2018-09-14,"{'EUR': 0.1340554453, 'USD': 0.15669741, 'GBP': 0.1196149928}",2018-01-01,DKK,2021-01-01
2018-09-17,"{'EUR': 0.1340590396, 'USD': 0.1564603051, 'GBP': 0.1191449714}",2018-01-01,DKK,2021-01-01
2018-09-18,"{'EUR': 0.1340446637, 'USD': 0.1567920431, 'GBP': 0.1192501542}",2018-01-01,DKK,2021-01-01
2018-09-19,"{'EUR': 0.1340536483, 'USD': 0.1564003914, 'GBP': 0.1190570666}",2018-01-01,DKK,2021-01-01
2018-09-20,"{'EUR': 0.1340626341, 'USD': 0.157778314, 'GBP': 0.1187660875}",2018-01-01,DKK,2021-01-01
2018-09-21,"{'EUR': 0.1340536483, 'USD': 0.157633685, 'GBP': 0.1198439616}",2018-01-01,DKK,2021-01-01
2018-09-24,"{'EUR': 0.1340536483, 'USD': 0.1578213601, 'GBP': 0.1199217127}",2018-01-01,DKK,2021-01-01
2018-09-25,"{'EUR': 0.1340536483, 'USD': 0.1578749816, 'GBP': 0.119877475}",2018-01-01,DKK,2021-01-01
2018-09-26,"{'EUR': 0.1340770138, 'USD': 0.1573661911, 'GBP': 0.1194358039}",2018-01-01,DKK,2021-01-01
2018-09-27,"{'EUR': 0.1340644314, 'USD': 0.1569492298, 'GBP': 0.1192811465}",2018-01-01,DKK,2021-01-01
2018-09-28,"{'EUR': 0.1341129768, 'USD': 0.1552491819, 'GBP': 0.1189984443}",2018-01-01,DKK,2021-01-01
2018-10-01,"{'EUR': 0.1341255684, 'USD': 0.1556661346, 'GBP': 0.1194763738}",2018-01-01,DKK,2021-01-01
2018-10-02,"{'EUR': 0.1341183729, 'USD': 0.1548128378, 'GBP': 0.1194230228}",2018-01-01,DKK,2021-01-01
2018-10-03,"{'EUR': 0.1341075811, 'USD': 0.1548674347, 'GBP': 0.1192149342}",2018-01-01,DKK,2021-01-01
2018-10-04,"{'EUR': 0.1341075811, 'USD': 0.1542505398, 'GBP': 0.1187924953}",2018-01-01,DKK,2021-01-01
2018-10-05,"{'EUR': 0.1340680261, 'USD': 0.1542586708, 'GBP': 0.1182010752}",2018-01-01,DKK,2021-01-01
2018-10-08,"{'EUR': 0.1340500543, 'USD': 0.1538626523, 'GBP': 0.1179774528}",2018-01-01,DKK,2021-01-01
2018-10-09,"{'EUR': 0.1340626341, 'USD': 0.1533006221, 'GBP': 0.1175461175}",2018-01-01,DKK,2021-01-01
2018-10-10,"{'EUR': 0.1340464605, 'USD': 0.1541534296, 'GBP': 0.1172209488}",2018-01-01,DKK,2021-01-01
2018-10-11,"{'EUR': 0.1340428669, 'USD': 0.1551546184, 'GBP': 0.1172741043}",2018-01-01,DKK,2021-01-01
2018-10-12,"{'EUR': 0.1340446637, 'USD': 0.1551432937, 'GBP': 0.1174767433}",2018-01-01,DKK,2021-01-01
2018-10-15,"{'EUR': 0.1340320873, 'USD': 0.1552225603, 'GBP': 0.1180085512}",2018-01-01,DKK,2021-01-01
2018-10-16,"{'EUR': 0.1340320873, 'USD': 0.1553029795, 'GBP': 0.1174027262}",2018-01-01,DKK,2021-01-01
2018-10-17,"{'EUR': 0.1340410702, 'USD': 0.1545493539, 'GBP': 0.1178824192}",2018-01-01,DKK,2021-01-01
2018-10-18,"{'EUR': 0.1340374769, 'USD': 0.1542101171, 'GBP': 0.1177425408}",2018-01-01,DKK,2021-01-01
2018-10-19,"{'EUR': 0.1340374769, 'USD': 0.153740986, 'GBP': 0.1179797871}",2018-01-01,DKK,2021-01-01
2018-10-22,"{'EUR': 0.1340428669, 'USD': 0.1540688712, 'GBP': 0.1185274051}",2018-01-01,DKK,2021-01-01
2018-10-23,"{'EUR': 0.1340428669, 'USD': 0.1538544026, 'GBP': 0.118095787}",2018-01-01,DKK,2021-01-01
2018-10-24,"{'EUR': 0.1340410702, 'USD': 0.1526593748, 'GBP': 0.1182684575}",2018-01-01,DKK,2021-01-01
2018-10-25,"{'EUR': 0.1340302908, 'USD': 0.15300898, 'GBP': 0.1186610374}",2018-01-01,DKK,2021-01-01
2018-10-26,"{'EUR': 0.1340356803, 'USD': 0.1520634793, 'GBP': 0.1188628413}",2018-01-01,DKK,2021-01-01
2018-10-29,"{'EUR': 0.1340231056, 'USD': 0.1525316965, 'GBP': 0.118996435}",2018-01-01,DKK,2021-01-01
2018-10-30,"{'EUR': 0.1340231056, 'USD': 0.1524110757, 'GBP': 0.1194789182}",2018-01-01,DKK,2021-01-01
2018-10-31,"{'EUR': 0.1340231056, 'USD': 0.1516873509, 'GBP': 0.1191103546}",2018-01-01,DKK,2021-01-01
2018-11-01,"{'EUR': 0.1340410702, 'USD': 0.1527129913, 'GBP': 0.1181880328}",2018-01-01,DKK,2021-01-01
2018-11-02,"{'EUR': 0.1340428669, 'USD': 0.1530367411, 'GBP': 0.1177834672}",2018-01-01,DKK,2021-01-01
2018-11-05,"{'EUR': 0.1340554453, 'USD': 0.1524210413, 'GBP': 0.1173454341}",2018-01-01,DKK,2021-01-01
2018-11-06,"{'EUR': 0.1340608368, 'USD': 0.1532047243, 'GBP': 0.1170525384}",2018-01-01,DKK,2021-01-01
2018-11-07,"{'EUR': 0.1340518513, 'USD': 0.1539853615, 'GBP': 0.1171653396}",2018-01-01,DKK,2021-01-01
2018-11-08,"{'EUR': 0.1340536483, 'USD': 0.1531428878, 'GBP': 0.1168451814}",2018-01-01,DKK,2021-01-01
2018-11-09,"{'EUR': 0.1340590396, 'USD': 0.1521033863, 'GBP': 0.1167024157}",2018-01-01,DKK,2021-01-01
2018-11-12,"{'EUR': 0.1340536483, 'USD': 0.1510114348, 'GBP': 0.117381396}",2018-01-01,DKK,2021-01-01
2018-11-13,"{'EUR': 0.1340249018, 'USD': 0.1509254419, 'GBP': 0.1165279509}",2018-01-01,DKK,2021-01-01
2018-11-14,"{'EUR': 0.1340105332, 'USD': 0.1513782983, 'GBP': 0.116653489}",2018-01-01,DKK,2021-01-01
2018-11-15,"{'EUR': 0.1340087374, 'USD': 0.1514968776, 'GBP': 0.1184235212}",2018-01-01,DKK,2021-01-01
2018-11-16,"{'EUR': 0.1340159211, 'USD': 0.1520544641, 'GBP': 0.1184030663}",2018-01-01,DKK,2021-01-01
2018-11-19,"{'EUR': 0.1340033501, 'USD': 0.1531256281, 'GBP': 0.1193742044}",2018-01-01,DKK,2021-01-01
2018-11-20,"{'EUR': 0.1339997588, 'USD': 0.1530411245, 'GBP': 0.1191365056}",2018-01-01,DKK,2021-01-01
2018-11-21,"{'EUR': 0.1340177171, 'USD': 0.1529008135, 'GBP': 0.1194205074}",2018-01-01,DKK,2021-01-01
2018-11-22,"{'EUR': 0.1340195132, 'USD': 0.1528224509, 'GBP': 0.1187386083}",2018-01-01,DKK,2021-01-01
2018-11-23,"{'EUR': 0.1340159211, 'USD': 0.1521348736, 'GBP': 0.118577287}",2018-01-01,DKK,2021-01-01
2018-11-26,"{'EUR': 0.1340266981, 'USD': 0.1522945371, 'GBP': 0.1185332118}",2018-01-01,DKK,2021-01-01
2018-11-27,"{'EUR': 0.1340177171, 'USD': 0.15181527, 'GBP': 0.1189380436}",2018-01-01,DKK,2021-01-01
2018-11-28,"{'EUR': 0.1340195132, 'USD': 0.1512276187, 'GBP': 0.1182655195}",2018-01-01,DKK,2021-01-01
2018-11-29,"{'EUR': 0.1340087374, 'USD': 0.1525957492, 'GBP': 0.1194486881}",2018-01-01,DKK,2021-01-01
2018-11-30,"{'EUR': 0.1340087374, 'USD': 0.1522205248, 'GBP': 0.1193589022}",2018-01-01,DKK,2021-01-01
2018-12-03,"{'EUR': 0.1340087374, 'USD': 0.1518587012, 'GBP': 0.1194687894}",2018-01-01,DKK,2021-01-01
2018-12-04,"{'EUR': 0.1340015544, 'USD': 0.1528823734, 'GBP': 0.1193391043}",2018-01-01,DKK,2021-01-01
2018-12-05,"{'EUR': 0.1339943722, 'USD': 0.1521372102, 'GBP': 0.1191008978}",2018-01-01,DKK,2021-01-01
2018-12-06,"{'EUR': 0.1339853956, 'USD': 0.1520868225, 'GBP': 0.1191532123}",2018-01-01,DKK,2021-01-01
2018-12-07,"{'EUR': 0.1339746252, 'USD': 0.1523425463, 'GBP': 0.1193512949}",2018-01-01,DKK,2021-01-01
2018-12-10,"{'EUR': 0.1339782151, 'USD': 0.1530701108, 'GBP': 0.1209086403}",2018-01-01,DKK,2021-01-01
2018-12-11,"{'EUR': 0.1339746252, 'USD': 0.152449726, 'GBP': 0.1208826248}",2018-01-01,DKK,2021-01-01
2018-12-12,"{'EUR': 0.1339746252, 'USD': 0.1520076098, 'GBP': 0.1207580284}",2018-01-01,DKK,2021-01-01
2018-12-13,"{'EUR': 0.1339638566, 'USD': 0.1523303013, 'GBP': 0.1203638458}",2018-01-01,DKK,2021-01-01
2018-12-14,"{'EUR': 0.1339477068, 'USD': 0.1511599871, 'GBP': 0.1203319224}",2018-01-01,DKK,2021-01-01
2018-12-17,"{'EUR': 0.1339423244, 'USD': 0.1519039901, 'GBP': 0.1204007554}",2018-01-01,DKK,2021-01-01
2018-12-18,"{'EUR': 0.1339136257, 'USD': 0.152353532, 'GBP': 0.1201406093}",2018-01-01,DKK,2021-01-01
2018-12-19,"{'EUR': 0.1339118324, 'USD': 0.1527264449, 'GBP': 0.1209464888}",2018-01-01,DKK,2021-01-01
2018-12-20,"{'EUR': 0.1339190058, 'USD': 0.1533506535, 'GBP': 0.1209757339}",2018-01-01,DKK,2021-01-01
2018-12-21,"{'EUR': 0.1339225927, 'USD': 0.1528592474, 'GBP': 0.120818267}",2018-01-01,DKK,2021-01-01
2018-12-24,"{'EUR': 0.1339351486, 'USD': 0.1527932175, 'GBP': 0.1205925291}",2018-01-01,DKK,2021-01-01
2018-12-27,"{'EUR': 0.1339190058, 'USD': 0.1523596529, 'GBP': 0.1206248661}",2018-01-01,DKK,2021-01-01
2018-12-28,"{'EUR': 0.1339172124, 'USD': 0.1533887751, 'GBP': 0.1208910851}",2018-01-01,DKK,2021-01-01
2018-12-31,"{'EUR': 0.1339172124, 'USD': 0.1533352082, 'GBP': 0.119792964}",2018-01-01,DKK,2021-01-01
2019-01-02,"{'EUR': 0.1339243863, 'USD': 0.1526336231, 'GBP': 0.1207529229}",2018-01-01,DKK,2021-01-01
2019-01-03,"{'EUR': 0.1339136257, 'USD': 0.1519651825, 'GBP': 0.1209400737}",2018-01-01,DKK,2021-01-01
2019-01-04,"{'EUR': 0.133906453, 'USD': 0.1526935283, 'GBP': 0.1204997389}",2018-01-01,DKK,2021-01-01
2019-01-07,"{'EUR': 0.1339136257, 'USD': 0.1532641446, 'GBP': 0.120147305}",2018-01-01,DKK,2021-01-01
2019-01-08,"{'EUR': 0.1339351486, 'USD': 0.15322181, 'GBP': 0.1201974204}",2018-01-01,DKK,2021-01-01
2019-01-09,"{'EUR': 0.1339387364, 'USD': 0.1534268226, 'GBP': 0.1204283361}",2018-01-01,DKK,2021-01-01
2019-01-10,"{'EUR': 0.133949501, 'USD': 0.1545107494, 'GBP': 0.1211211573}",2018-01-01,DKK,2021-01-01
2019-01-11,"{'EUR': 0.1339710355, 'USD': 0.1545087952, 'GBP': 0.1205940276}",2018-01-01,DKK,2021-01-01
2019-01-14,"{'EUR': 0.1339782151, 'USD': 0.1536328193, 'GBP': 0.1195929742}",2018-01-01,DKK,2021-01-01
2019-01-15,"{'EUR': 0.1339800102, 'USD': 0.1530587636, 'GBP': 0.1192757041}",2018-01-01,DKK,2021-01-01
2019-01-16,"{'EUR': 0.1339728303, 'USD': 0.1525816564, 'GBP': 0.1186865304}",2018-01-01,DKK,2021-01-01
2019-01-17,"{'EUR': 0.1339602674, 'USD': 0.1526611207, 'GBP': 0.118233332}",2018-01-01,DKK,2021-01-01
2019-01-18,"{'EUR': 0.1339602674, 'USD': 0.1527414969, 'GBP': 0.1180524856}",2018-01-01,DKK,2021-01-01
2019-01-21,"{'EUR': 0.1339423244, 'USD': 0.152185269, 'GBP': 0.1182750907}",2018-01-01,DKK,2021-01-01
2019-01-22,"{'EUR': 0.1339243863, 'USD': 0.1520577482, 'GBP': 0.1178534599}",2018-01-01,DKK,2021-01-01
2019-01-23,"{'EUR': 0.1339279735, 'USD': 0.1522359275, 'GBP': 0.1168026036}",2018-01-01,DKK,2021-01-01
2019-01-24,"{'EUR': 0.1339423244, 'USD': 0.1519039901, 'GBP': 0.1166436732}",2018-01-01,DKK,2021-01-01
2019-01-25,"{'EUR': 0.1339333548, 'USD': 0.1519607843, 'GBP': 0.1159594986}",2018-01-01,DKK,2021-01-01
2019-01-28,"{'EUR': 0.133954884, 'USD': 0.1529496865, 'GBP': 0.1163907196}",2018-01-01,DKK,2021-01-01
2019-01-29,"{'EUR': 0.1339584729, 'USD': 0.1530073677, 'GBP': 0.1161888814}",2018-01-01,DKK,2021-01-01
2019-01-30,"{'EUR': 0.1339620619, 'USD': 0.1531052406, 'GBP': 0.1170038045}",2018-01-01,DKK,2021-01-01
2019-01-31,"{'EUR': 0.1339459126, 'USD': 0.1538770644, 'GBP': 0.1173071514}",2018-01-01,DKK,2021-01-01
2019-02-01,"{'EUR': 0.1339512953, 'USD': 0.1536555308, 'GBP': 0.1177271144}",2018-01-01,DKK,2021-01-01
2019-02-04,"{'EUR': 0.1339512953, 'USD': 0.1533072575, 'GBP': 0.1174458167}",2018-01-01,DKK,2021-01-01
2019-02-05,"{'EUR': 0.1339584729, 'USD': 0.1530207636, 'GBP': 0.1176195579}",2018-01-01,DKK,2021-01-01
2019-02-06,"{'EUR': 0.133954884, 'USD': 0.1526281948, 'GBP': 0.1177061566}",2018-01-01,DKK,2021-01-01
2019-02-07,"{'EUR': 0.1339836004, 'USD': 0.1520043947, 'GBP': 0.1175706094}",2018-01-01,DKK,2021-01-01
2019-02-08,"{'EUR': 0.1339871908, 'USD': 0.1520218667, 'GBP': 0.1172253933}",2018-01-01,DKK,2021-01-01
2019-02-11,"{'EUR': 0.1339818053, 'USD': 0.1515200236, 'GBP': 0.1173881587}",2018-01-01,DKK,2021-01-01
2019-02-12,"{'EUR': 0.1340069416, 'USD': 0.1513742412, 'GBP': 0.1175307881}",2018-01-01,DKK,2021-01-01
2019-02-13,"{'EUR': 0.1340159211, 'USD': 0.1515049988, 'GBP': 0.1173349594}",2018-01-01,DKK,2021-01-01
2019-02-14,"{'EUR': 0.1340213094, 'USD': 0.1510152114, 'GBP': 0.1178650405}",2018-01-01,DKK,2021-01-01
2019-02-15,"{'EUR': 0.1340266981, 'USD': 0.1509140621, 'GBP': 0.1178603978}",2018-01-01,DKK,2021-01-01
2019-02-18,"{'EUR': 0.1340123291, 'USD': 0.1518091664, 'GBP': 0.1174216028}",2018-01-01,DKK,2021-01-01
2019-02-19,"{'EUR': 0.1340141251, 'USD': 0.1513555529, 'GBP': 0.116840215}",2018-01-01,DKK,2021-01-01
2019-02-20,"{'EUR': 0.1340231056, 'USD': 0.1520090064, 'GBP': 0.1165263891}",2018-01-01,DKK,2021-01-01
2019-02-21,"{'EUR': 0.1340141251, 'USD': 0.1521596376, 'GBP': 0.1163309613}",2018-01-01,DKK,2021-01-01
2019-02-22,"{'EUR': 0.1340123291, 'USD': 0.1517689627, 'GBP': 0.1169431788}",2018-01-01,DKK,2021-01-01
2019-02-25,"{'EUR': 0.1340213094, 'USD': 0.1521811968, 'GBP': 0.1163680225}",2018-01-01,DKK,2021-01-01
2019-02-26,"{'EUR': 0.1340195132, 'USD': 0.152259569, 'GBP': 0.1153304921}",2018-01-01,DKK,2021-01-01
2019-02-27,"{'EUR': 0.1340284945, 'USD': 0.1526048438, 'GBP': 0.1145983836}",2018-01-01,DKK,2021-01-01
2019-02-28,"{'EUR': 0.1340284945, 'USD': 0.1530069293, 'GBP': 0.1150433582}",2018-01-01,DKK,2021-01-01
2019-03-01,"{'EUR': 0.1340249018, 'USD': 0.1525605457, 'GBP': 0.1152185276}",2018-01-01,DKK,2021-01-01
2019-03-04,"{'EUR': 0.1340195132, 'USD': 0.1519379222, 'GBP': 0.1149552375}",2018-01-01,DKK,2021-01-01
2019-03-05,"{'EUR': 0.1340231056, 'USD': 0.1518347763, 'GBP': 0.1157396735}",2018-01-01,DKK,2021-01-01
2019-03-06,"{'EUR': 0.1340320873, 'USD': 0.1515232747, 'GBP': 0.1152273854}",2018-01-01,DKK,2021-01-01
2019-03-07,"{'EUR': 0.1340302908, 'USD': 0.1510655408, 'GBP': 0.1151052138}",2018-01-01,DKK,2021-01-01
2019-03-08,"{'EUR': 0.1340482574, 'USD': 0.1504289544, 'GBP': 0.1151541555}",2018-01-01,DKK,2021-01-01
2019-03-11,"{'EUR': 0.1340338838, 'USD': 0.1507076989, 'GBP': 0.1155908214}",2018-01-01,DKK,2021-01-01
2019-03-12,"{'EUR': 0.1340446637, 'USD': 0.1511353583, 'GBP': 0.1154727755}",2018-01-01,DKK,2021-01-01
2019-03-13,"{'EUR': 0.1340464605, 'USD': 0.1515127143, 'GBP': 0.1151191003}",2018-01-01,DKK,2021-01-01
2019-03-14,"{'EUR': 0.1340051458, 'USD': 0.1513588122, 'GBP': 0.1142099057}",2018-01-01,DKK,2021-01-01
2019-03-15,"{'EUR': 0.1339871908, 'USD': 0.1515127154, 'GBP': 0.114445159}",2018-01-01,DKK,2021-01-01
2019-03-18,"{'EUR': 0.1340105332, 'USD': 0.1520885542, 'GBP': 0.1147934228}",2018-01-01,DKK,2021-01-01
2019-03-19,"{'EUR': 0.1340051458, 'USD': 0.1522030446, 'GBP': 0.1146387221}",2018-01-01,DKK,2021-01-01
2019-03-20,"{'EUR': 0.1340051458, 'USD': 0.1521494425, 'GBP': 0.1156196398}",2018-01-01,DKK,2021-01-01
2019-03-21,"{'EUR': 0.1340015544, 'USD': 0.15258757, 'GBP': 0.1161123469}",2018-01-01,DKK,2021-01-01
2019-03-22,"{'EUR': 0.1340087374, 'USD': 0.151456675, 'GBP': 0.1151001045}",2018-01-01,DKK,2021-01-01
2019-03-25,"{'EUR': 0.1339656512, 'USD': 0.1517161, 'GBP': 0.1147255044}",2018-01-01,DKK,2021-01-01
2019-03-26,"{'EUR': 0.1339512953, 'USD': 0.1512444075, 'GBP': 0.1143006403}",2018-01-01,DKK,2021-01-01
2019-03-27,"{'EUR': 0.1339333548, 'USD': 0.1508223508, 'GBP': 0.1140013929}",2018-01-01,DKK,2021-01-01
2019-03-28,"{'EUR': 0.1339459126, 'USD': 0.1502605248, 'GBP': 0.1145974256}",2018-01-01,DKK,2021-01-01
2019-03-29,"{'EUR': 0.133954884, 'USD': 0.1504983122, 'GBP': 0.1149734769}",2018-01-01,DKK,2021-01-01
2019-04-01,"{'EUR': 0.1339746252, 'USD': 0.1505338889, 'GBP': 0.1147599845}",2018-01-01,DKK,2021-01-01
2019-04-02,"{'EUR': 0.1339656512, 'USD': 0.1500415294, 'GBP': 0.11521046}",2018-01-01,DKK,2021-01-01
2019-04-03,"{'EUR': 0.1339710355, 'USD': 0.1506236352, 'GBP': 0.1143978672}",2018-01-01,DKK,2021-01-01
2019-04-04,"{'EUR': 0.1339782151, 'USD': 0.1503101596, 'GBP': 0.1144415118}",2018-01-01,DKK,2021-01-01
2019-04-05,"{'EUR': 0.1339656512, 'USD': 0.150483616, 'GBP': 0.1151274013}",2018-01-01,DKK,2021-01-01
2019-04-08,"{'EUR': 0.1339566784, 'USD': 0.1506476805, 'GBP': 0.1154478842}",2018-01-01,DKK,2021-01-01
2019-04-09,"{'EUR': 0.1339584729, 'USD': 0.1510649699, 'GBP': 0.1156530476}",2018-01-01,DKK,2021-01-01
2019-04-10,"{'EUR': 0.133954884, 'USD': 0.1510877137, 'GBP': 0.1153123828}",2018-01-01,DKK,2021-01-01
2019-04-11,"{'EUR': 0.1339620619, 'USD': 0.1508948666, 'GBP': 0.1154324295}",2018-01-01,DKK,2021-01-01
2019-04-12,"{'EUR': 0.1339710355, 'USD': 0.1516686092, 'GBP': 0.1156036065}",2018-01-01,DKK,2021-01-01
2019-04-15,"{'EUR': 0.1339782151, 'USD': 0.1515695548, 'GBP': 0.1156298986}",2018-01-01,DKK,2021-01-01
2019-04-16,"{'EUR': 0.1339728303, 'USD': 0.1514562847, 'GBP': 0.1157391281}",2018-01-01,DKK,2021-01-01
2019-04-17,"{'EUR': 0.133954884, 'USD': 0.1513824144, 'GBP': 0.1159955527}",2018-01-01,DKK,2021-01-01
2019-04-18,"{'EUR': 0.1339351486, 'USD': 0.1506770422, 'GBP': 0.115813723}",2018-01-01,DKK,2021-01-01
2019-04-23,"{'EUR': 0.1339423244, 'USD': 0.1506181438, 'GBP': 0.1157931395}",2018-01-01,DKK,2021-01-01
2019-04-24,"{'EUR': 0.1339297672, 'USD': 0.1501218761, 'GBP': 0.115909517}",2018-01-01,DKK,2021-01-01
2019-04-25,"{'EUR': 0.1339351486, 'USD': 0.1489760658, 'GBP': 0.1157668457}",2018-01-01,DKK,2021-01-01
2019-04-26,"{'EUR': 0.1339512953, 'USD': 0.1491279771, 'GBP': 0.1156535484}",2018-01-01,DKK,2021-01-01
2019-04-29,"{'EUR': 0.133954884, 'USD': 0.1493596957, 'GBP': 0.1156566468}",2018-01-01,DKK,2021-01-01
2019-04-30,"{'EUR': 0.1339656512, 'USD': 0.1502826675, 'GBP': 0.1155426949}",2018-01-01,DKK,2021-01-01
2019-05-02,"{'EUR': 0.133949501, 'USD': 0.1501841806, 'GBP': 0.1151028062}",2018-01-01,DKK,2021-01-01
2019-05-03,"{'EUR': 0.1339459126, 'USD': 0.1494166656, 'GBP': 0.1149055012}",2018-01-01,DKK,2021-01-01
2019-05-06,"{'EUR': 0.1339369425, 'USD': 0.1499959819, 'GBP': 0.1144759047}",2018-01-01,DKK,2021-01-01
2019-05-07,"{'EUR': 0.1339459126, 'USD': 0.1498185033, 'GBP': 0.1147179769}",2018-01-01,DKK,2021-01-01
2019-05-08,"{'EUR': 0.1339459126, 'USD': 0.1500462113, 'GBP': 0.1153207335}",2018-01-01,DKK,2021-01-01
2019-05-09,"{'EUR': 0.1339423244, 'USD': 0.1499216437, 'GBP': 0.1153511298}",2018-01-01,DKK,2021-01-01
2019-05-10,"{'EUR': 0.1339441185, 'USD': 0.1504192451, 'GBP': 0.1155268022}",2018-01-01,DKK,2021-01-01
2019-05-13,"{'EUR': 0.1339261799, 'USD': 0.1505999893, 'GBP': 0.1156452563}",2018-01-01,DKK,2021-01-01
2019-05-14,"{'EUR': 0.1338849393, 'USD': 0.1502992328, 'GBP': 0.1161090359}",2018-01-01,DKK,2021-01-01
2019-05-15,"{'EUR': 0.1338777696, 'USD': 0.1497155097, 'GBP': 0.1162326796}",2018-01-01,DKK,2021-01-01
2019-05-16,"{'EUR': 0.1339082461, 'USD': 0.1500174081, 'GBP': 0.1171201693}",2018-01-01,DKK,2021-01-01
2019-05-17,"{'EUR': 0.1339100392, 'USD': 0.1496042958, 'GBP': 0.1172984989}",2018-01-01,DKK,2021-01-01
2019-05-20,"{'EUR': 0.1339028669, 'USD': 0.1495293314, 'GBP': 0.1173256919}",2018-01-01,DKK,2021-01-01
2019-05-21,"{'EUR': 0.1338956953, 'USD': 0.1494409855, 'GBP': 0.1173060186}",2018-01-01,DKK,2021-01-01
2019-05-22,"{'EUR': 0.1339046599, 'USD': 0.1495848956, 'GBP': 0.1182110337}",2018-01-01,DKK,2021-01-01
2019-05-23,"{'EUR': 0.1338974881, 'USD': 0.149148412, 'GBP': 0.117963687}",2018-01-01,DKK,2021-01-01
2019-05-24,"{'EUR': 0.1339082461, 'USD': 0.1498031549, 'GBP': 0.1182650848}",2018-01-01,DKK,2021-01-01
2019-05-27,"{'EUR': 0.1338903171, 'USD': 0.149930377, 'GBP': 0.1181247322}",2018-01-01,DKK,2021-01-01
2019-05-28,"{'EUR': 0.1338885244, 'USD': 0.1498480365, 'GBP': 0.1183213057}",2018-01-01,DKK,2021-01-01
2019-05-29,"{'EUR': 0.1338921097, 'USD': 0.1493700376, 'GBP': 0.1181263138}",2018-01-01,DKK,2021-01-01
2019-05-30,"{'EUR': 0.1338921097, 'USD': 0.149075475, 'GBP': 0.1180633845}",2018-01-01,DKK,2021-01-01
2019-05-31,"{'EUR': 0.1339046599, 'USD': 0.1493170862, 'GBP': 0.11876406}",2018-01-01,DKK,2021-01-01
2019-06-03,"{'EUR': 0.1339046599, 'USD': 0.1497723621, 'GBP': 0.1186636315}",2018-01-01,DKK,2021-01-01
2019-06-04,"{'EUR': 0.133906453, 'USD': 0.1505644157, 'GBP': 0.1188259082}",2018-01-01,DKK,2021-01-01
2019-06-05,"{'EUR': 0.1339010739, 'USD': 0.1507324389, 'GBP': 0.1186778608}",2018-01-01,DKK,2021-01-01
2019-06-06,"{'EUR': 0.1338921097, 'USD': 0.1508428508, 'GBP': 0.1185721745}",2018-01-01,DKK,2021-01-01
2019-06-07,"{'EUR': 0.1339046599, 'USD': 0.1509507231, 'GBP': 0.1187399572}",2018-01-01,DKK,2021-01-01
2019-06-10,"{'EUR': 0.1339010739, 'USD': 0.1513216036, 'GBP': 0.1195040304}",2018-01-01,DKK,2021-01-01
2019-06-11,"{'EUR': 0.1338921097, 'USD': 0.1515658682, 'GBP': 0.119277786}",2018-01-01,DKK,2021-01-01
2019-06-12,"{'EUR': 0.1339082461, 'USD': 0.151624307, 'GBP': 0.1189172179}",2018-01-01,DKK,2021-01-01
2019-06-13,"{'EUR': 0.1339082461, 'USD': 0.151169019, 'GBP': 0.1191087067}",2018-01-01,DKK,2021-01-01
2019-06-14,"{'EUR': 0.1339118324, 'USD': 0.1508516793, 'GBP': 0.1193060689}",2018-01-01,DKK,2021-01-01
2019-06-17,"{'EUR': 0.133915419, 'USD': 0.1504405817, 'GBP': 0.119463267}",2018-01-01,DKK,2021-01-01
2019-06-18,"{'EUR': 0.1339190058, 'USD': 0.1498151918, 'GBP': 0.1197276087}",2018-01-01,DKK,2021-01-01
2019-06-19,"{'EUR': 0.1339207992, 'USD': 0.1500850397, 'GBP': 0.1192162955}",2018-01-01,DKK,2021-01-01
2019-06-20,"{'EUR': 0.1339387364, 'USD': 0.1514445293, 'GBP': 0.1194130805}",2018-01-01,DKK,2021-01-01
2019-06-21,"{'EUR': 0.1339459126, 'USD': 0.1515731947, 'GBP': 0.1197811324}",2018-01-01,DKK,2021-01-01
2019-06-24,"{'EUR': 0.1339351486, 'USD': 0.1526057083, 'GBP': 0.1196911455}",2018-01-01,DKK,2021-01-01
2019-06-25,"{'EUR': 0.1339512953, 'USD': 0.1525437351, 'GBP': 0.1198663166}",2018-01-01,DKK,2021-01-01
2019-06-26,"{'EUR': 0.1339566784, 'USD': 0.152201578, 'GBP': 0.1200292026}",2018-01-01,DKK,2021-01-01
2019-06-27,"{'EUR': 0.1339746252, 'USD': 0.1523291489, 'GBP': 0.1198108278}",2018-01-01,DKK,2021-01-01
2019-06-28,"{'EUR': 0.1339836004, 'USD': 0.1524733373, 'GBP': 0.1201229969}",2018-01-01,DKK,2021-01-01
2019-07-01,"{'EUR': 0.1339638566, 'USD': 0.1520355808, 'GBP': 0.1201896928}",2018-01-01,DKK,2021-01-01
2019-07-02,"{'EUR': 0.1339782151, 'USD': 0.1514087809, 'GBP': 0.119834135}",2018-01-01,DKK,2021-01-01
2019-07-03,"{'EUR': 0.1339746252, 'USD': 0.1512975442, 'GBP': 0.1202422261}",2018-01-01,DKK,2021-01-01
2019-07-04,"{'EUR': 0.1339889861, 'USD': 0.1512467675, 'GBP': 0.1202283172}",2018-01-01,DKK,2021-01-01
2019-07-05,"{'EUR': 0.1339853956, 'USD': 0.1508675554, 'GBP': 0.1201889194}",2018-01-01,DKK,2021-01-01
2019-07-08,"{'EUR': 0.1339925768, 'USD': 0.1502726749, 'GBP': 0.120090847}",2018-01-01,DKK,2021-01-01
2019-07-09,"{'EUR': 0.1339871908, 'USD': 0.1501326473, 'GBP': 0.1205549749}",2018-01-01,DKK,2021-01-01
2019-07-10,"{'EUR': 0.1339818053, 'USD': 0.1503275855, 'GBP': 0.1204871578}",2018-01-01,DKK,2021-01-01
2019-07-11,"{'EUR': 0.1339172124, 'USD': 0.1511255742, 'GBP': 0.120244265}",2018-01-01,DKK,2021-01-01
2019-07-12,"{'EUR': 0.1339172124, 'USD': 0.1506970391, 'GBP': 0.1202415867}",2018-01-01,DKK,2021-01-01
2019-07-15,"{'EUR': 0.1339243863, 'USD': 0.1509193909, 'GBP': 0.1203618637}",2018-01-01,DKK,2021-01-01
2019-07-16,"{'EUR': 0.1339082461, 'USD': 0.1502852246, 'GBP': 0.1208655829}",2018-01-01,DKK,2021-01-01
2019-07-17,"{'EUR': 0.1339243863, 'USD': 0.1501961992, 'GBP': 0.1209872906}",2018-01-01,DKK,2021-01-01
2019-07-18,"{'EUR': 0.1339190058, 'USD': 0.1502035569, 'GBP': 0.1203302443}",2018-01-01,DKK,2021-01-01
2019-07-19,"{'EUR': 0.1339369425, 'USD': 0.1503576116, 'GBP': 0.1200543784}",2018-01-01,DKK,2021-01-01
2019-07-22,"{'EUR': 0.1339405304, 'USD': 0.1502143048, 'GBP': 0.1205036164}",2018-01-01,DKK,2021-01-01
2019-07-23,"{'EUR': 0.1339423244, 'USD': 0.1496537591, 'GBP': 0.12032039}",2018-01-01,DKK,2021-01-01
2019-07-24,"{'EUR': 0.1339602674, 'USD': 0.1492317379, 'GBP': 0.1194162012}",2018-01-01,DKK,2021-01-01
2019-07-25,"{'EUR': 0.1339620619, 'USD': 0.1488988319, 'GBP': 0.1191766692}",2018-01-01,DKK,2021-01-01
2019-07-26,"{'EUR': 0.1339351486, 'USD': 0.1491769685, 'GBP': 0.1200500917}",2018-01-01,DKK,2021-01-01
2019-07-29,"{'EUR': 0.1339261799, 'USD': 0.1489125194, 'GBP': 0.1211268549}",2018-01-01,DKK,2021-01-01
2019-07-30,"{'EUR': 0.1339297672, 'USD': 0.1493852624, 'GBP': 0.1227506496}",2018-01-01,DKK,2021-01-01
2019-07-31,"{'EUR': 0.133915419, 'USD': 0.1493290838, 'GBP': 0.1226973244}",2018-01-01,DKK,2021-01-01
2019-08-01,"{'EUR': 0.1339405304, 'USD': 0.1478301634, 'GBP': 0.1220867935}",2018-01-01,DKK,2021-01-01
2019-08-02,"{'EUR': 0.1339405304, 'USD': 0.1487543531, 'GBP': 0.1225622823}",2018-01-01,DKK,2021-01-01
2019-08-05,"{'EUR': 0.1339441185, 'USD': 0.1497763133, 'GBP': 0.1230678561}",2018-01-01,DKK,2021-01-01
2019-08-06,"{'EUR': 0.1339692407, 'USD': 0.1498713895, 'GBP': 0.1230239537}",2018-01-01,DKK,2021-01-01
2019-08-07,"{'EUR': 0.1339925768, 'USD': 0.1500984845, 'GBP': 0.1237461645}",2018-01-01,DKK,2021-01-01
2019-08-08,"{'EUR': 0.1339925768, 'USD': 0.1499778912, 'GBP': 0.1234272621}",2018-01-01,DKK,2021-01-01
2019-08-09,"{'EUR': 0.1339925768, 'USD': 0.1500448875, 'GBP': 0.1243719098}",2018-01-01,DKK,2021-01-01
2019-08-12,"{'EUR': 0.1339889861, 'USD': 0.149987271, 'GBP': 0.1240938995}",2018-01-01,DKK,2021-01-01
2019-08-13,"{'EUR': 0.1339889861, 'USD': 0.1503624402, 'GBP': 0.1243819758}",2018-01-01,DKK,2021-01-01
2019-08-14,"{'EUR': 0.1340338838, 'USD': 0.1499571092, 'GBP': 0.1242132211}",2018-01-01,DKK,2021-01-01
2019-08-15,"{'EUR': 0.1340662287, 'USD': 0.149483845, 'GBP': 0.1231572597}",2018-01-01,DKK,2021-01-01
2019-08-16,"{'EUR': 0.1340662287, 'USD': 0.1484917549, 'GBP': 0.12204451}",2018-01-01,DKK,2021-01-01
2019-08-19,"{'EUR': 0.1340806093, 'USD': 0.1488697005, 'GBP': 0.1227950444}",2018-01-01,DKK,2021-01-01
2019-08-20,"{'EUR': 0.1341201717, 'USD': 0.1485515021, 'GBP': 0.1228849249}",2018-01-01,DKK,2021-01-01
2019-08-21,"{'EUR': 0.1341129768, 'USD': 0.1489190494, 'GBP': 0.1227737246}",2018-01-01,DKK,2021-01-01
2019-08-22,"{'EUR': 0.1341237694, 'USD': 0.1486493736, 'GBP': 0.1222538158}",2018-01-01,DKK,2021-01-01
2019-08-23,"{'EUR': 0.1341219705, 'USD': 0.1484059604, 'GBP': 0.121317346}",2018-01-01,DKK,2021-01-01
2019-08-26,"{'EUR': 0.1341129768, 'USD': 0.149079985, 'GBP': 0.1217853119}",2018-01-01,DKK,2021-01-01
2019-08-27,"{'EUR': 0.1340878007, 'USD': 0.1488910939, 'GBP': 0.1212623026}",2018-01-01,DKK,2021-01-01
2019-08-28,"{'EUR': 0.1340878007, 'USD': 0.1486095095, 'GBP': 0.1217825632}",2018-01-01,DKK,2021-01-01
2019-08-29,"{'EUR': 0.1341021859, 'USD': 0.1484779402, 'GBP': 0.1214040499}",2018-01-01,DKK,2021-01-01
2019-08-30,"{'EUR': 0.1341165741, 'USD': 0.1480110512, 'GBP': 0.1214626754}",2018-01-01,DKK,2021-01-01
2019-09-02,"{'EUR': 0.1341147754, 'USD': 0.1470970857, 'GBP': 0.121803039}",2018-01-01,DKK,2021-01-01
2019-09-03,"{'EUR': 0.1341093796, 'USD': 0.1466754285, 'GBP': 0.1218853097}",2018-01-01,DKK,2021-01-01
2019-09-04,"{'EUR': 0.1340770138, 'USD': 0.1477260538, 'GBP': 0.1210112088}",2018-01-01,DKK,2021-01-01
2019-09-05,"{'EUR': 0.1340698236, 'USD': 0.1482544109, 'GBP': 0.1200997479}",2018-01-01,DKK,2021-01-01
2019-09-06,"{'EUR': 0.1340231056, 'USD': 0.1477872785, 'GBP': 0.1201316107}",2018-01-01,DKK,2021-01-01
2019-09-09,"{'EUR': 0.1340518513, 'USD': 0.1478994075, 'GBP': 0.1196747902}",2018-01-01,DKK,2021-01-01
2019-09-10,"{'EUR': 0.1340338838, 'USD': 0.1479734077, 'GBP': 0.1196922582}",2018-01-01,DKK,2021-01-01
2019-09-11,"{'EUR': 0.1340356803, 'USD': 0.147479459, 'GBP': 0.1194700229}",2018-01-01,DKK,2021-01-01
2019-09-12,"{'EUR': 0.1340087374, 'USD': 0.1469137788, 'GBP': 0.1191605693}",2018-01-01,DKK,2021-01-01
2019-09-13,"{'EUR': 0.1339082461, 'USD': 0.1485845898, 'GBP': 0.1193028737}",2018-01-01,DKK,2021-01-01
2019-09-16,"{'EUR': 0.1339225927, 'USD': 0.1477300121, 'GBP': 0.1185348868}",2018-01-01,DKK,2021-01-01
2019-09-17,"{'EUR': 0.1339207992, 'USD': 0.1476610732, 'GBP': 0.1189390794}",2018-01-01,DKK,2021-01-01
2019-09-18,"{'EUR': 0.1339172124, 'USD': 0.1480186948, 'GBP': 0.1188113508}",2018-01-01,DKK,2021-01-01
2019-09-19,"{'EUR': 0.1339190058, 'USD': 0.1482081637, 'GBP': 0.1188330298}",2018-01-01,DKK,2021-01-01
2019-09-20,"{'EUR': 0.1339261799, 'USD': 0.1477205764, 'GBP': 0.1181630685}",2018-01-01,DKK,2021-01-01
2019-09-23,"{'EUR': 0.1339333548, 'USD': 0.1471257902, 'GBP': 0.1183207436}",2018-01-01,DKK,2021-01-01
2019-09-24,"{'EUR': 0.1339387364, 'USD': 0.1473727917, 'GBP': 0.1180710143}",2018-01-01,DKK,2021-01-01
2019-09-25,"{'EUR': 0.1339620619, 'USD': 0.1471171364, 'GBP': 0.1187814811}",2018-01-01,DKK,2021-01-01
2019-09-26,"{'EUR': 0.1339710355, 'USD': 0.1465375186, 'GBP': 0.1185710649}",2018-01-01,DKK,2021-01-01
2019-09-27,"{'EUR': 0.1339387364, 'USD': 0.1464620083, 'GBP': 0.1189081314}",2018-01-01,DKK,2021-01-01
2019-09-30,"{'EUR': 0.1339369425, 'USD': 0.1458439367, 'GBP': 0.1186319681}",2018-01-01,DKK,2021-01-01
2019-10-01,"{'EUR': 0.133949501, 'USD': 0.1459781662, 'GBP': 0.1191547786}",2018-01-01,DKK,2021-01-01
2019-10-02,"{'EUR': 0.133931561, 'USD': 0.1463202304, 'GBP': 0.1191589098}",2018-01-01,DKK,2021-01-01
2019-10-03,"{'EUR': 0.1339477068, 'USD': 0.1466861337, 'GBP': 0.1189321689}",2018-01-01,DKK,2021-01-01
2019-10-04,"{'EUR': 0.1339297672, 'USD': 0.1470414914, 'GBP': 0.1192577612}",2018-01-01,DKK,2021-01-01
2019-10-07,"{'EUR': 0.133906453, 'USD': 0.1472033637, 'GBP': 0.1193842981}",2018-01-01,DKK,2021-01-01
2019-10-08,"{'EUR': 0.1338885244, 'USD': 0.1470899329, 'GBP': 0.1202252005}",2018-01-01,DKK,2021-01-01
2019-10-09,"{'EUR': 0.1338849393, 'USD': 0.1470190518, 'GBP': 0.1202956179}",2018-01-01,DKK,2021-01-01
2019-10-10,"{'EUR': 0.1338974881, 'USD': 0.1476889294, 'GBP': 0.1207152804}",2018-01-01,DKK,2021-01-01
2019-10-11,"{'EUR': 0.1338903171, 'USD': 0.1478550771, 'GBP': 0.1171781277}",2018-01-01,DKK,2021-01-01
2019-10-14,"{'EUR': 0.1338885244, 'USD': 0.1476924313, 'GBP': 0.1177991404}",2018-01-01,DKK,2021-01-01
2019-10-15,"{'EUR': 0.1338706007, 'USD': 0.1473513702, 'GBP': 0.1165450675}",2018-01-01,DKK,2021-01-01
2019-10-16,"{'EUR': 0.133847307, 'USD': 0.147566656, 'GBP': 0.1158582289}",2018-01-01,DKK,2021-01-01
2019-10-17,"{'EUR': 0.1338562651, 'USD': 0.1487544675, 'GBP': 0.1162407806}",2018-01-01,DKK,2021-01-01
2019-10-18,"{'EUR': 0.1338652245, 'USD': 0.1491794062, 'GBP': 0.1157064068}",2018-01-01,DKK,2021-01-01
2019-10-21,"{'EUR': 0.1338544734, 'USD': 0.1495556031, 'GBP': 0.115021149}",2018-01-01,DKK,2021-01-01
2019-10-22,"{'EUR': 0.1338544734, 'USD': 0.1489800289, 'GBP': 0.1152018525}",2018-01-01,DKK,2021-01-01
2019-10-23,"{'EUR': 0.1338562651, 'USD': 0.1488883237, 'GBP': 0.1156625216}",2018-01-01,DKK,2021-01-01
2019-10-24,"{'EUR': 0.1338598487, 'USD': 0.1489592397, 'GBP': 0.1155049863}",2018-01-01,DKK,2021-01-01
2019-10-25,"{'EUR': 0.1338616406, 'USD': 0.1486801242, 'GBP': 0.1159215035}",2018-01-01,DKK,2021-01-01
2019-10-28,"{'EUR': 0.1338562651, 'USD': 0.1484064412, 'GBP': 0.1155554366}",2018-01-01,DKK,2021-01-01
2019-10-29,"{'EUR': 0.1338580569, 'USD': 0.1485155141, 'GBP': 0.1155569834}",2018-01-01,DKK,2021-01-01
2019-10-30,"{'EUR': 0.1338526817, 'USD': 0.1486567883, 'GBP': 0.1153810117}",2018-01-01,DKK,2021-01-01
2019-10-31,"{'EUR': 0.1338544734, 'USD': 0.1493012796, 'GBP': 0.1152928736}",2018-01-01,DKK,2021-01-01
2019-11-01,"{'EUR': 0.133847307, 'USD': 0.1490925153, 'GBP': 0.1151193918}",2018-01-01,DKK,2021-01-01
2019-11-04,"{'EUR': 0.1338455155, 'USD': 0.1493448262, 'GBP': 0.1155996948}",2018-01-01,DKK,2021-01-01
2019-11-05,"{'EUR': 0.133847307, 'USD': 0.1486909733, 'GBP': 0.1152599315}",2018-01-01,DKK,2021-01-01
2019-11-06,"{'EUR': 0.1338455155, 'USD': 0.1484346767, 'GBP': 0.1151513124}",2018-01-01,DKK,2021-01-01
2019-11-07,"{'EUR': 0.1338329764, 'USD': 0.148246788, 'GBP': 0.1156879015}",2018-01-01,DKK,2021-01-01
2019-11-08,"{'EUR': 0.1338204397, 'USD': 0.1476574732, 'GBP': 0.1152970145}",2018-01-01,DKK,2021-01-01
2019-11-11,"{'EUR': 0.1338293943, 'USD': 0.1477610342, 'GBP': 0.1147493375}",2018-01-01,DKK,2021-01-01
2019-11-12,"{'EUR': 0.1338276033, 'USD': 0.147411105, 'GBP': 0.1148508491}",2018-01-01,DKK,2021-01-01
2019-11-13,"{'EUR': 0.1338240214, 'USD': 0.147286718, 'GBP': 0.1147674808}",2018-01-01,DKK,2021-01-01
2019-11-14,"{'EUR': 0.1338329764, 'USD': 0.1471761242, 'GBP': 0.114618576}",2018-01-01,DKK,2021-01-01
2019-11-15,"{'EUR': 0.1338276033, 'USD': 0.1476653775, 'GBP': 0.114636725}",2018-01-01,DKK,2021-01-01
2019-11-18,"{'EUR': 0.1338222305, 'USD': 0.1480207692, 'GBP': 0.1141905093}",2018-01-01,DKK,2021-01-01
2019-11-19,"{'EUR': 0.1338311853, 'USD': 0.148244804, 'GBP': 0.1145233602}",2018-01-01,DKK,2021-01-01
2019-11-20,"{'EUR': 0.133813277, 'USD': 0.147984103, 'GBP': 0.1146980503}",2018-01-01,DKK,2021-01-01
2019-11-21,"{'EUR': 0.1338114864, 'USD': 0.1484103195, 'GBP': 0.1144730504}",2018-01-01,DKK,2021-01-01
2019-11-22,"{'EUR': 0.1338204397, 'USD': 0.1479786423, 'GBP': 0.1150588141}",2018-01-01,DKK,2021-01-01
2019-11-25,"{'EUR': 0.1338401413, 'USD': 0.1473312276, 'GBP': 0.1144533969}",2018-01-01,DKK,2021-01-01
2019-11-26,"{'EUR': 0.1338329764, 'USD': 0.14748394, 'GBP': 0.1147149358}",2018-01-01,DKK,2021-01-01
2019-11-27,"{'EUR': 0.133847307, 'USD': 0.1473525003, 'GBP': 0.1143725238}",2018-01-01,DKK,2021-01-01
2019-11-28,"{'EUR': 0.1338419327, 'USD': 0.1472930469, 'GBP': 0.1140065583}",2018-01-01,DKK,2021-01-01
2019-11-29,"{'EUR': 0.1338455155, 'USD': 0.1469891451, 'GBP': 0.1140698406}",2018-01-01,DKK,2021-01-01
2019-12-02,"{'EUR': 0.133847307, 'USD': 0.1475398865, 'GBP': 0.1140619981}",2018-01-01,DKK,2021-01-01
2019-12-03,"{'EUR': 0.1338347676, 'USD': 0.1481684712, 'GBP': 0.114027222}",2018-01-01,DKK,2021-01-01
2019-12-04,"{'EUR': 0.1338419327, 'USD': 0.1483102456, 'GBP': 0.1132436592}",2018-01-01,DKK,2021-01-01
2019-12-05,"{'EUR': 0.1338401413, 'USD': 0.1484822528, 'GBP': 0.1130547674}",2018-01-01,DKK,2021-01-01
2019-12-06,"{'EUR': 0.1338293943, 'USD': 0.14847033, 'GBP': 0.1130229384}",2018-01-01,DKK,2021-01-01
2019-12-09,"{'EUR': 0.1338276033, 'USD': 0.1482140706, 'GBP': 0.1126761506}",2018-01-01,DKK,2021-01-01
2019-12-10,"{'EUR': 0.133813277, 'USD': 0.1482249669, 'GBP': 0.1125008363}",2018-01-01,DKK,2021-01-01
2019-12-11,"{'EUR': 0.133818649, 'USD': 0.1482041537, 'GBP': 0.1127355208}",2018-01-01,DKK,2021-01-01
2019-12-12,"{'EUR': 0.1338114864, 'USD': 0.1490258524, 'GBP': 0.1131509929}",2018-01-01,DKK,2021-01-01
2019-12-13,"{'EUR': 0.133813277, 'USD': 0.1495229557, 'GBP': 0.1117447913}",2018-01-01,DKK,2021-01-01
2019-12-16,"{'EUR': 0.133813277, 'USD': 0.1491482785, 'GBP': 0.111620345}",2018-01-01,DKK,2021-01-01
2019-12-17,"{'EUR': 0.133813277, 'USD': 0.1493623797, 'GBP': 0.113404076}",2018-01-01,DKK,2021-01-01
2019-12-18,"{'EUR': 0.1338329764, 'USD': 0.1487553533, 'GBP': 0.1138316381}",2018-01-01,DKK,2021-01-01
2019-12-19,"{'EUR': 0.1338276033, 'USD': 0.1487761466, 'GBP': 0.1138511569}",2018-01-01,DKK,2021-01-01
2019-12-20,"{'EUR': 0.1338329764, 'USD': 0.148514454, 'GBP': 0.1139360278}",2018-01-01,DKK,2021-01-01
2019-12-23,"{'EUR': 0.1338347676, 'USD': 0.1482220051, 'GBP': 0.1147071026}",2018-01-01,DKK,2021-01-01
2019-12-24,"{'EUR': 0.133847307, 'USD': 0.1483028161, 'GBP': 0.1144836171}",2018-01-01,DKK,2021-01-01
2019-12-27,"{'EUR': 0.1338616406, 'USD': 0.1492958878, 'GBP': 0.1139564146}",2018-01-01,DKK,2021-01-01
2019-12-30,"{'EUR': 0.133874185, 'USD': 0.1497918256, 'GBP': 0.1140715156}",2018-01-01,DKK,2021-01-01
2019-12-31,"{'EUR': 0.1338419327, 'USD': 0.1503580272, 'GBP': 0.1138727163}",2018-01-01,DKK,2021-01-01
2020-01-02,"{'EUR': 0.1338347676, 'USD': 0.1498012554, 'GBP': 0.1135293567}",2018-01-01,DKK,2021-01-01
2020-01-03,"{'EUR': 0.133813277, 'USD': 0.1491616598, 'GBP': 0.1138951707}",2018-01-01,DKK,2021-01-01
2020-01-06,"{'EUR': 0.1338114864, 'USD': 0.1497885779, 'GBP': 0.1140274581}",2018-01-01,DKK,2021-01-01
2020-01-07,"{'EUR': 0.133813277, 'USD': 0.149496193, 'GBP': 0.1139861637}",2018-01-01,DKK,2021-01-01
2020-01-08,"{'EUR': 0.133813277, 'USD': 0.1487334573, 'GBP': 0.1135646519}",2018-01-01,DKK,2021-01-01
2020-01-09,"{'EUR': 0.133813277, 'USD': 0.1486665507, 'GBP': 0.1141226532}",2018-01-01,DKK,2021-01-01
2020-01-10,"{'EUR': 0.133813277, 'USD': 0.1484123055, 'GBP': 0.1134870402}",2018-01-01,DKK,2021-01-01
2020-01-13,"{'EUR': 0.1338114864, 'USD': 0.1488786597, 'GBP': 0.1147567307}",2018-01-01,DKK,2021-01-01
2020-01-14,"{'EUR': 0.133813277, 'USD': 0.1487334573, 'GBP': 0.1145682515}",2018-01-01,DKK,2021-01-01
2020-01-15,"{'EUR': 0.1338204397, 'USD': 0.149102734, 'GBP': 0.1146613674}",2018-01-01,DKK,2021-01-01
2020-01-16,"{'EUR': 0.1338168582, 'USD': 0.149460049, 'GBP': 0.1143732687}",2018-01-01,DKK,2021-01-01
2020-01-17,"{'EUR': 0.1338168582, 'USD': 0.1486437661, 'GBP': 0.1138848372}",2018-01-01,DKK,2021-01-01
2020-01-20,"{'EUR': 0.1338222305, 'USD': 0.1483419426, 'GBP': 0.1141169071}",2018-01-01,DKK,2021-01-01
2020-01-21,"{'EUR': 0.1338240214, 'USD': 0.1487453998, 'GBP': 0.1137905654}",2018-01-01,DKK,2021-01-01
2020-01-22,"{'EUR': 0.1338168582, 'USD': 0.1483761324, 'GBP': 0.1130016459}",2018-01-01,DKK,2021-01-01
2020-01-23,"{'EUR': 0.1338114864, 'USD': 0.1484103195, 'GBP': 0.1130680298}",2018-01-01,DKK,2021-01-01
2020-01-24,"{'EUR': 0.1338150676, 'USD': 0.1476649271, 'GBP': 0.1128234979}",2018-01-01,DKK,2021-01-01
2020-01-27,"{'EUR': 0.133818649, 'USD': 0.1475350605, 'GBP': 0.1128867359}",2018-01-01,DKK,2021-01-01
2020-01-28,"{'EUR': 0.133818649, 'USD': 0.1472674232, 'GBP': 0.1132145916}",2018-01-01,DKK,2021-01-01
2020-01-29,"{'EUR': 0.133818649, 'USD': 0.1472138957, 'GBP': 0.1131838133}",2018-01-01,DKK,2021-01-01
2020-01-30,"{'EUR': 0.1338168582, 'USD': 0.147586613, 'GBP': 0.1126510458}",2018-01-01,DKK,2021-01-01
2020-01-31,"{'EUR': 0.133813277, 'USD': 0.1478904337, 'GBP': 0.1126373259}",2018-01-01,DKK,2021-01-01
2020-02-03,"{'EUR': 0.1338168582, 'USD': 0.1480817353, 'GBP': 0.1134432416}",2018-01-01,DKK,2021-01-01
2020-02-04,"{'EUR': 0.1338168582, 'USD': 0.147840865, 'GBP': 0.1135837493}",2018-01-01,DKK,2021-01-01
2020-02-05,"{'EUR': 0.133818649, 'USD': 0.1475082968, 'GBP': 0.1130018199}",2018-01-01,DKK,2021-01-01
2020-02-06,"{'EUR': 0.1338240214, 'USD': 0.1472465708, 'GBP': 0.1135296086}",2018-01-01,DKK,2021-01-01
2020-02-07,"{'EUR': 0.1338258123, 'USD': 0.1467935335, 'GBP': 0.1133772282}",2018-01-01,DKK,2021-01-01
2020-02-10,"{'EUR': 0.1338258123, 'USD': 0.1465526471, 'GBP': 0.1132541085}",2018-01-01,DKK,2021-01-01
2020-02-11,"{'EUR': 0.1338311853, 'USD': 0.1458893751, 'GBP': 0.112853147}",2018-01-01,DKK,2021-01-01
2020-02-12,"{'EUR': 0.1338365588, 'USD': 0.1460692203, 'GBP': 0.1125003346}",2018-01-01,DKK,2021-01-01
2020-02-13,"{'EUR': 0.1338311853, 'USD': 0.1454343491, 'GBP': 0.1115817508}",2018-01-01,DKK,2021-01-01
2020-02-14,"{'EUR': 0.1338455155, 'USD': 0.1451153079, 'GBP': 0.1113701765}",2018-01-01,DKK,2021-01-01
2020-02-17,"{'EUR': 0.1338670165, 'USD': 0.1450449124, 'GBP': 0.1114282272}",2018-01-01,DKK,2021-01-01
2020-02-18,"{'EUR': 0.1338652245, 'USD': 0.1447886268, 'GBP': 0.1110880565}",2018-01-01,DKK,2021-01-01
2020-02-19,"{'EUR': 0.1338813543, 'USD': 0.1445918627, 'GBP': 0.1113196685}",2018-01-01,DKK,2021-01-01
2020-02-20,"{'EUR': 0.1339028669, 'USD': 0.1444811933, 'GBP': 0.1122641636}",2018-01-01,DKK,2021-01-01
2020-02-21,"{'EUR': 0.1338652245, 'USD': 0.144587829, 'GBP': 0.111790849}",2018-01-01,DKK,2021-01-01
2020-02-24,"{'EUR': 0.1338706007, 'USD': 0.1448212158, 'GBP': 0.1122277407}",2018-01-01,DKK,2021-01-01
2020-02-25,"{'EUR': 0.1338670165, 'USD': 0.1451118459, 'GBP': 0.1119529859}",2018-01-01,DKK,2021-01-01
2020-02-26,"{'EUR': 0.1338508901, 'USD': 0.145562843, 'GBP': 0.112635524}",2018-01-01,DKK,2021-01-01
2020-02-27,"{'EUR': 0.1338240214, 'USD': 0.1467246571, 'GBP': 0.113743727}",2018-01-01,DKK,2021-01-01
2020-02-28,"{'EUR': 0.1338276033, 'USD': 0.1469025601, 'GBP': 0.1141750197}",2018-01-01,DKK,2021-01-01
2020-03-02,"{'EUR': 0.1338150676, 'USD': 0.1488291182, 'GBP': 0.1165703198}",2018-01-01,DKK,2021-01-01
2020-03-03,"{'EUR': 0.1338150676, 'USD': 0.1487622106, 'GBP': 0.1164324903}",2018-01-01,DKK,2021-01-01
2020-03-04,"{'EUR': 0.1338204397, 'USD': 0.1488752392, 'GBP': 0.1162230519}",2018-01-01,DKK,2021-01-01
2020-03-05,"{'EUR': 0.133847307, 'USD': 0.1497349823, 'GBP': 0.116005461}",2018-01-01,DKK,2021-01-01
2020-03-06,"{'EUR': 0.133874185, 'USD': 0.1517597762, 'GBP': 0.1166914334}",2018-01-01,DKK,2021-01-01
2020-03-09,"{'EUR': 0.1338777696, 'USD': 0.1533703728, 'GBP': 0.1169864114}",2018-01-01,DKK,2021-01-01
2020-03-10,"{'EUR': 0.1338437241, 'USD': 0.1524480017, 'GBP': 0.1169593383}",2018-01-01,DKK,2021-01-01
2020-03-11,"{'EUR': 0.1338222305, 'USD': 0.1517008806, 'GBP': 0.117348714}",2018-01-01,DKK,2021-01-01
2020-03-12,"{'EUR': 0.1338204397, 'USD': 0.1504141743, 'GBP': 0.1185956883}",2018-01-01,DKK,2021-01-01
2020-03-13,"{'EUR': 0.1338114864, 'USD': 0.1485842745, 'GBP': 0.1191858909}",2018-01-01,DKK,2021-01-01
2020-03-16,"{'EUR': 0.133813277, 'USD': 0.1492954731, 'GBP': 0.1216603551}",2018-01-01,DKK,2021-01-01
2020-03-17,"{'EUR': 0.1338114864, 'USD': 0.1469517743, 'GBP': 0.1215316063}",2018-01-01,DKK,2021-01-01
2020-03-18,"{'EUR': 0.1338114864, 'USD': 0.1463094792, 'GBP': 0.1233608093}",2018-01-01,DKK,2021-01-01
2020-03-19,"{'EUR': 0.133813277, 'USD': 0.1445317204, 'GBP': 0.1244262756}",2018-01-01,DKK,2021-01-01
2020-03-20,"{'EUR': 0.1338849393, 'USD': 0.1433506045, 'GBP': 0.1218727825}",2018-01-01,DKK,2021-01-01
2020-03-23,"{'EUR': 0.1338580569, 'USD': 0.1443391428, 'GBP': 0.1244478355}",2018-01-01,DKK,2021-01-01
2020-03-24,"{'EUR': 0.1339243863, 'USD': 0.1452142121, 'GBP': 0.1233443598}",2018-01-01,DKK,2021-01-01
2020-03-25,"{'EUR': 0.1339010739, 'USD': 0.1449746927, 'GBP': 0.1225234996}",2018-01-01,DKK,2021-01-01
2020-03-26,"{'EUR': 0.1339423244, 'USD': 0.1470820665, 'GBP': 0.1223536345}",2018-01-01,DKK,2021-01-01
2020-03-27,"{'EUR': 0.1340374769, 'USD': 0.1471329384, 'GBP': 0.1202892529}",2018-01-01,DKK,2021-01-01
2020-03-30,"{'EUR': 0.1339279735, 'USD': 0.147776126, 'GBP': 0.1190619685}",2018-01-01,DKK,2021-01-01
2020-03-31,"{'EUR': 0.133915419, 'USD': 0.1467177331, 'GBP': 0.1187066449}",2018-01-01,DKK,2021-01-01
2020-04-01,"{'EUR': 0.1339728303, 'USD': 0.1465126872, 'GBP': 0.1185123657}",2018-01-01,DKK,2021-01-01
2020-04-02,"{'EUR': 0.1339387364, 'USD': 0.1460735859, 'GBP': 0.1175151686}",2018-01-01,DKK,2021-01-01
2020-04-03,"{'EUR': 0.1338885244, 'USD': 0.1443987736, 'GBP': 0.1176210687}",2018-01-01,DKK,2021-01-01
2020-04-06,"{'EUR': 0.1339405304, 'USD': 0.1445352264, 'GBP': 0.1175997857}",2018-01-01,DKK,2021-01-01
2020-04-07,"{'EUR': 0.1339136257, 'USD': 0.1457649816, 'GBP': 0.1179685303}",2018-01-01,DKK,2021-01-01
2020-04-08,"{'EUR': 0.1339764202, 'USD': 0.1456457663, 'GBP': 0.117829582}",2018-01-01,DKK,2021-01-01
2020-04-09,"{'EUR': 0.1339459126, 'USD': 0.1455590233, 'GBP': 0.1172897384}",2018-01-01,DKK,2021-01-01
2020-04-14,"{'EUR': 0.1340069416, 'USD': 0.14691181, 'GBP': 0.1169250767}",2018-01-01,DKK,2021-01-01
2020-04-15,"{'EUR': 0.1339818053, 'USD': 0.1460803623, 'GBP': 0.1170800005}",2018-01-01,DKK,2021-01-01
2020-04-16,"{'EUR': 0.1340141251, 'USD': 0.1459145794, 'GBP': 0.1168107319}",2018-01-01,DKK,2021-01-01
2020-04-17,"{'EUR': 0.1340428669, 'USD': 0.1455705535, 'GBP': 0.1165878048}",2018-01-01,DKK,2021-01-01
2020-04-20,"{'EUR': 0.1340770138, 'USD': 0.145607637, 'GBP': 0.1171068862}",2018-01-01,DKK,2021-01-01
2020-04-21,"{'EUR': 0.1340806093, 'USD': 0.1453031563, 'GBP': 0.1181518329}",2018-01-01,DKK,2021-01-01
2020-04-22,"{'EUR': 0.1340680261, 'USD': 0.145691724, 'GBP': 0.1178726086}",2018-01-01,DKK,2021-01-01
2020-04-23,"{'EUR': 0.1340895987, 'USD': 0.1444413157, 'GBP': 0.11692613}",2018-01-01,DKK,2021-01-01
2020-04-24,"{'EUR': 0.1340895987, 'USD': 0.1448167666, 'GBP': 0.117325717}",2018-01-01,DKK,2021-01-01
2020-04-27,"{'EUR': 0.1340644314, 'USD': 0.1454867209, 'GBP': 0.1169886447}",2018-01-01,DKK,2021-01-01
2020-04-28,"{'EUR': 0.1341021859, 'USD': 0.1458629476, 'GBP': 0.1167735014}",2018-01-01,DKK,2021-01-01
2020-04-29,"{'EUR': 0.1341003876, 'USD': 0.1453916402, 'GBP': 0.1171742366}",2018-01-01,DKK,2021-01-01
2020-04-30,"{'EUR': 0.1340770138, 'USD': 0.1458221602, 'GBP': 0.1165196289}",2018-01-01,DKK,2021-01-01
2020-05-04,"{'EUR': 0.1340087374, 'USD': 0.1466323604, 'GBP': 0.117791}",2018-01-01,DKK,2021-01-01
2020-05-05,"{'EUR': 0.1340266981, 'USD': 0.1453251488, 'GBP': 0.1166836434}",2018-01-01,DKK,2021-01-01
2020-05-06,"{'EUR': 0.1340159211, 'USD': 0.1448310059, 'GBP': 0.1169329116}",2018-01-01,DKK,2021-01-01
2020-05-07,"{'EUR': 0.1340392735, 'USD': 0.1445345486, 'GBP': 0.1172548757}",2018-01-01,DKK,2021-01-01
2020-05-08,"{'EUR': 0.1340518513, 'USD': 0.1453524223, 'GBP': 0.117342288}",2018-01-01,DKK,2021-01-01
2020-05-11,"{'EUR': 0.1340572424, 'USD': 0.1451035592, 'GBP': 0.1178028018}",2018-01-01,DKK,2021-01-01
2020-05-12,"{'EUR': 0.1340895987, 'USD': 0.1455944862, 'GBP': 0.1176944634}",2018-01-01,DKK,2021-01-01
2020-05-13,"{'EUR': 0.1341273673, 'USD': 0.145863512, 'GBP': 0.1183606953}",2018-01-01,DKK,2021-01-01
2020-05-14,"{'EUR': 0.1340967911, 'USD': 0.1447172569, 'GBP': 0.1186689553}",2018-01-01,DKK,2021-01-01
2020-05-15,"{'EUR': 0.1340913967, 'USD': 0.1447918902, 'GBP': 0.1189900236}",2018-01-01,DKK,2021-01-01
2020-05-18,"{'EUR': 0.134141761, 'USD': 0.1453023555, 'GBP': 0.1195914042}",2018-01-01,DKK,2021-01-01
2020-05-19,"{'EUR': 0.1341165741, 'USD': 0.1468576487, 'GBP': 0.1200812746}",2018-01-01,DKK,2021-01-01
2020-05-20,"{'EUR': 0.1341111782, 'USD': 0.146959029, 'GBP': 0.1198390666}",2018-01-01,DKK,2021-01-01
2020-05-21,"{'EUR': 0.1341147754, 'USD': 0.147526253, 'GBP': 0.1206268525}",2018-01-01,DKK,2021-01-01
2020-05-22,"{'EUR': 0.1340878007, 'USD': 0.1462093379, 'GBP': 0.1200930569}",2018-01-01,DKK,2021-01-01
2020-05-25,"{'EUR': 0.1341057826, 'USD': 0.1463094089, 'GBP': 0.1200447913}",2018-01-01,DKK,2021-01-01
2020-05-26,"{'EUR': 0.1341237694, 'USD': 0.1472008369, 'GBP': 0.1192065238}",2018-01-01,DKK,2021-01-01
2020-05-27,"{'EUR': 0.1340788115, 'USD': 0.1473660217, 'GBP': 0.1201279112}",2018-01-01,DKK,2021-01-01
2020-05-28,"{'EUR': 0.134148959, 'USD': 0.1477784932, 'GBP': 0.1203691779}",2018-01-01,DKK,2021-01-01
2020-05-29,"{'EUR': 0.1341525583, 'USD': 0.1493922889, 'GBP': 0.1208553567}",2018-01-01,DKK,2021-01-01
2020-06-01,"{'EUR': 0.1341399616, 'USD': 0.1491099814, 'GBP': 0.1202873278}",2018-01-01,DKK,2021-01-01
2020-06-02,"{'EUR': 0.134154358, 'USD': 0.1499040796, 'GBP': 0.1195087267}",2018-01-01,DKK,2021-01-01
2020-06-03,"{'EUR': 0.1341435604, 'USD': 0.1501603016, 'GBP': 0.1194749621}",2018-01-01,DKK,2021-01-01
2020-06-04,"{'EUR': 0.1341255684, 'USD': 0.1508912644, 'GBP': 0.120290516}",2018-01-01,DKK,2021-01-01
2020-06-05,"{'EUR': 0.1341129768, 'USD': 0.1519500027, 'GBP': 0.1199613755}",2018-01-01,DKK,2021-01-01
2020-06-08,"{'EUR': 0.1341291664, 'USD': 0.1513647643, 'GBP': 0.1196070015}",2018-01-01,DKK,2021-01-01
2020-06-09,"{'EUR': 0.1341057826, 'USD': 0.1514590709, 'GBP': 0.1195150735}",2018-01-01,DKK,2021-01-01
2020-06-10,"{'EUR': 0.1341327646, 'USD': 0.1525760197, 'GBP': 0.1193285314}",2018-01-01,DKK,2021-01-01
2020-06-11,"{'EUR': 0.1341399616, 'USD': 0.1522220285, 'GBP': 0.1202765966}",2018-01-01,DKK,2021-01-01
2020-06-12,"{'EUR': 0.134136363, 'USD': 0.1516277448, 'GBP': 0.1202572735}",2018-01-01,DKK,2021-01-01
2020-06-15,"{'EUR': 0.1341219705, 'USD': 0.1509274534, 'GBP': 0.1202376641}",2018-01-01,DKK,2021-01-01
2020-06-16,"{'EUR': 0.1341183729, 'USD': 0.151661056, 'GBP': 0.1198615898}",2018-01-01,DKK,2021-01-01
2020-06-17,"{'EUR': 0.1341201717, 'USD': 0.1506437768, 'GBP': 0.1199678112}",2018-01-01,DKK,2021-01-01
2020-06-18,"{'EUR': 0.1341273673, 'USD': 0.1505177316, 'GBP': 0.1207521863}",2018-01-01,DKK,2021-01-01
2020-06-19,"{'EUR': 0.1341309655, 'USD': 0.1503608123, 'GBP': 0.1213952303}",2018-01-01,DKK,2021-01-01
2020-06-22,"{'EUR': 0.1341507586, 'USD': 0.1504232456, 'GBP': 0.1211756972}",2018-01-01,DKK,2021-01-01
2020-06-23,"{'EUR': 0.1341615573, 'USD': 0.1518440506, 'GBP': 0.1215906194}",2018-01-01,DKK,2021-01-01
2020-06-24,"{'EUR': 0.1341741581, 'USD': 0.1513484503, 'GBP': 0.1212169596}",2018-01-01,DKK,2021-01-01
2020-06-25,"{'EUR': 0.1341669574, 'USD': 0.1502669922, 'GBP': 0.1209287037}",2018-01-01,DKK,2021-01-01
2020-06-26,"{'EUR': 0.1341867611, 'USD': 0.1504636153, 'GBP': 0.1215396589}",2018-01-01,DKK,2021-01-01
2020-06-29,"{'EUR': 0.1341723578, 'USD': 0.1514000886, 'GBP': 0.1228213763}",2018-01-01,DKK,2021-01-01
2020-06-30,"{'EUR': 0.1341813595, 'USD': 0.1502562864, 'GBP': 0.1224310979}",2018-01-01,DKK,2021-01-01
2020-07-01,"{'EUR': 0.1341777587, 'USD': 0.1502790897, 'GBP': 0.1213369472}",2018-01-01,DKK,2021-01-01
2020-07-02,"{'EUR': 0.1342173785, 'USD': 0.1514777333, 'GBP': 0.1210976297}",2018-01-01,DKK,2021-01-01
2020-07-03,"{'EUR': 0.1341993666, 'USD': 0.150625369, 'GBP': 0.1209404692}",2018-01-01,DKK,2021-01-01
2020-07-06,"{'EUR': 0.1341993666, 'USD': 0.1519807827, 'GBP': 0.1214571367}",2018-01-01,DKK,2021-01-01
2020-07-07,"{'EUR': 0.1341885618, 'USD': 0.1514988862, 'GBP': 0.1209709884}",2018-01-01,DKK,2021-01-01
2020-07-08,"{'EUR': 0.1342408011, 'USD': 0.1515041682, 'GBP': 0.1207133556}",2018-01-01,DKK,2021-01-01
2020-07-09,"{'EUR': 0.134222783, 'USD': 0.1522354805, 'GBP': 0.1203374361}",2018-01-01,DKK,2021-01-01
2020-07-10,"{'EUR': 0.1342588242, 'USD': 0.1513902501, 'GBP': 0.1202556288}",2018-01-01,DKK,2021-01-01
2020-07-13,"{'EUR': 0.1343219428, 'USD': 0.152173329, 'GBP': 0.1208064689}",2018-01-01,DKK,2021-01-01
2020-07-14,"{'EUR': 0.1343237471, 'USD': 0.1527932623, 'GBP': 0.1219364111}",2018-01-01,DKK,2021-01-01
2020-07-15,"{'EUR': 0.1342912778, 'USD': 0.1536829383, 'GBP': 0.1215873229}",2018-01-01,DKK,2021-01-01
2020-07-16,"{'EUR': 0.1343147263, 'USD': 0.1533068286, 'GBP': 0.1220585075}",2018-01-01,DKK,2021-01-01
2020-07-17,"{'EUR': 0.1343129222, 'USD': 0.1534928075, 'GBP': 0.1223295233}",2018-01-01,DKK,2021-01-01
2020-07-20,"{'EUR': 0.134264232, 'USD': 0.1537056928, 'GBP': 0.1216098281}",2018-01-01,DKK,2021-01-01
2020-07-21,"{'EUR': 0.1343201386, 'USD': 0.1537025346, 'GBP': 0.1209620008}",2018-01-01,DKK,2021-01-01
2020-07-22,"{'EUR': 0.1343327691, 'USD': 0.1555304801, 'GBP': 0.1224080492}",2018-01-01,DKK,2021-01-01
2020-07-23,"{'EUR': 0.1343562321, 'USD': 0.1554367249, 'GBP': 0.1225261659}",2018-01-01,DKK,2021-01-01
2020-07-24,"{'EUR': 0.1343399876, 'USD': 0.1559418577, 'GBP': 0.1222292378}",2018-01-01,DKK,2021-01-01
2020-07-27,"{'EUR': 0.1343435972, 'USD': 0.1579880703, 'GBP': 0.1227094417}",2018-01-01,DKK,2021-01-01
2020-07-28,"{'EUR': 0.1343562321, 'USD': 0.1574251972, 'GBP': 0.1222211772}",2018-01-01,DKK,2021-01-01
2020-07-29,"{'EUR': 0.1343598425, 'USD': 0.1575369154, 'GBP': 0.1214411437}",2018-01-01,DKK,2021-01-01
2020-07-30,"{'EUR': 0.1343616478, 'USD': 0.157780883, 'GBP': 0.1212855722}",2018-01-01,DKK,2021-01-01
2020-07-31,"{'EUR': 0.1343327691, 'USD': 0.1591574649, 'GBP': 0.1209706886}",2018-01-01,DKK,2021-01-01
2020-08-03,"{'EUR': 0.1342894744, 'USD': 0.1574678377, 'GBP': 0.1208779846}",2018-01-01,DKK,2021-01-01
2020-08-04,"{'EUR': 0.1342966882, 'USD': 0.1580000537, 'GBP': 0.1213169133}",2018-01-01,DKK,2021-01-01
2020-08-05,"{'EUR': 0.1342137757, 'USD': 0.1590970097, 'GBP': 0.1211480646}",2018-01-01,DKK,2021-01-01
2020-08-06,"{'EUR': 0.1342281879, 'USD': 0.158966443, 'GBP': 0.1208496644}",2018-01-01,DKK,2021-01-01
2020-08-07,"{'EUR': 0.1342588242, 'USD': 0.1586536525, 'GBP': 0.1213337272}",2018-01-01,DKK,2021-01-01
2020-08-10,"{'EUR': 0.1342660347, 'USD': 0.1579371366, 'GBP': 0.1210475436}",2018-01-01,DKK,2021-01-01
2020-08-11,"{'EUR': 0.1342840645, 'USD': 0.1582269132, 'GBP': 0.1206448321}",2018-01-01,DKK,2021-01-01
2020-08-12,"{'EUR': 0.1342786551, 'USD': 0.1580594049, 'GBP': 0.1214886132}",2018-01-01,DKK,2021-01-01
2020-08-13,"{'EUR': 0.134275049, 'USD': 0.1588876655, 'GBP': 0.12134839}",2018-01-01,DKK,2021-01-01
2020-08-14,"{'EUR': 0.1342822613, 'USD': 0.1586276353, 'GBP': 0.1210863435}",2018-01-01,DKK,2021-01-01
2020-08-17,"{'EUR': 0.1342822613, 'USD': 0.1591647643, 'GBP': 0.1216932993}",2018-01-01,DKK,2021-01-01
2020-08-18,"{'EUR': 0.1342894744, 'USD': 0.1598850482, 'GBP': 0.1213641125}",2018-01-01,DKK,2021-01-01
2020-08-19,"{'EUR': 0.1343129222, 'USD': 0.1602756101, 'GBP': 0.1213450096}",2018-01-01,DKK,2021-01-01
2020-08-20,"{'EUR': 0.1343165303, 'USD': 0.1591650884, 'GBP': 0.1211172449}",2018-01-01,DKK,2021-01-01
2020-08-21,"{'EUR': 0.1343345737, 'USD': 0.1580983598, 'GBP': 0.1205719966}",2018-01-01,DKK,2021-01-01
2020-08-24,"{'EUR': 0.134345402, 'USD': 0.1591589978, 'GBP': 0.1211459663}",2018-01-01,DKK,2021-01-01
2020-08-25,"{'EUR': 0.1343670639, 'USD': 0.1587412493, 'GBP': 0.1208564557}",2018-01-01,DKK,2021-01-01
2020-08-26,"{'EUR': 0.1343381829, 'USD': 0.1583712839, 'GBP': 0.1204879163}",2018-01-01,DKK,2021-01-01
2020-08-27,"{'EUR': 0.1343562321, 'USD': 0.1586209676, 'GBP': 0.1202555456}",2018-01-01,DKK,2021-01-01
2020-08-28,"{'EUR': 0.1343381829, 'USD': 0.160063945, 'GBP': 0.1201896855}",2018-01-01,DKK,2021-01-01
2020-08-31,"{'EUR': 0.1343381829, 'USD': 0.1603997904, 'GBP': 0.1203737288}",2018-01-01,DKK,2021-01-01
2020-09-01,"{'EUR': 0.1343472069, 'USD': 0.1610419969, 'GBP': 0.1195354274}",2018-01-01,DKK,2021-01-01
2020-09-02,"{'EUR': 0.1343869268, 'USD': 0.1593963339, 'GBP': 0.1193893458}",2018-01-01,DKK,2021-01-01
2020-09-03,"{'EUR': 0.1344067956, 'USD': 0.1587747477, 'GBP': 0.1198034973}",2018-01-01,DKK,2021-01-01
2020-09-04,"{'EUR': 0.1344031827, 'USD': 0.1591602489, 'GBP': 0.1200556429}",2018-01-01,DKK,2021-01-01
2020-09-07,"{'EUR': 0.1343887328, 'USD': 0.1589012377, 'GBP': 0.1207281182}",2018-01-01,DKK,2021-01-01
2020-09-08,"{'EUR': 0.1343959574, 'USD': 0.1583856358, 'GBP': 0.1215651753}",2018-01-01,DKK,2021-01-01
2020-09-09,"{'EUR': 0.1344031827, 'USD': 0.158232867, 'GBP': 0.122593175}",2018-01-01,DKK,2021-01-01
2020-09-10,"{'EUR': 0.1344013763, 'USD': 0.1592521907, 'GBP': 0.1230982205}",2018-01-01,DKK,2021-01-01
2020-09-11,"{'EUR': 0.1344049891, 'USD': 0.1593236741, 'GBP': 0.1242009623}",2018-01-01,DKK,2021-01-01
2020-09-14,"{'EUR': 0.1344122154, 'USD': 0.159627947, 'GBP': 0.1239146214}",2018-01-01,DKK,2021-01-01
2020-09-15,"{'EUR': 0.1344158288, 'USD': 0.1598473036, 'GBP': 0.1237902575}",2018-01-01,DKK,2021-01-01
2020-09-16,"{'EUR': 0.1344158288, 'USD': 0.1595381472, 'GBP': 0.1228869832}",2018-01-01,DKK,2021-01-01
2020-09-17,"{'EUR': 0.1344158288, 'USD': 0.1585703532, 'GBP': 0.1230308081}",2018-01-01,DKK,2021-01-01
2020-09-18,"{'EUR': 0.1344031827, 'USD': 0.1590392861, 'GBP': 0.1227342983}",2018-01-01,DKK,2021-01-01
2020-09-21,"{'EUR': 0.1343941512, 'USD': 0.158410386, 'GBP': 0.123115794}",2018-01-01,DKK,2021-01-01
2020-09-22,"{'EUR': 0.1343778975, 'USD': 0.1577596517, 'GBP': 0.1232823145}",2018-01-01,DKK,2021-01-01
2020-09-23,"{'EUR': 0.1343562321, 'USD': 0.1570893066, 'GBP': 0.1234532239}",2018-01-01,DKK,2021-01-01
2020-09-24,"{'EUR': 0.1343634531, 'USD': 0.1564662412, 'GBP': 0.122577091}",2018-01-01,DKK,2021-01-01
2020-09-25,"{'EUR': 0.1342912778, 'USD': 0.1562344726, 'GBP': 0.1226656819}",2018-01-01,DKK,2021-01-01
2020-09-28,"{'EUR': 0.1343020991, 'USD': 0.1567305497, 'GBP': 0.1215541439}",2018-01-01,DKK,2021-01-01
2020-09-29,"{'EUR': 0.1342984918, 'USD': 0.1571560951, 'GBP': 0.1221619371}",2018-01-01,DKK,2021-01-01
2020-09-30,"{'EUR': 0.1342966882, 'USD': 0.1572345626, 'GBP': 0.1225255835}",2018-01-01,DKK,2021-01-01
2020-10-01,"{'EUR': 0.1343706749, 'USD': 0.1579124172, 'GBP': 0.1219051074}",2018-01-01,DKK,2021-01-01
2020-10-02,"{'EUR': 0.134383315, 'USD': 0.1576316285, 'GBP': 0.1218493832}",2018-01-01,DKK,2021-01-01
2020-10-05,"{'EUR': 0.1344086022, 'USD': 0.158172043, 'GBP': 0.1220564516}",2018-01-01,DKK,2021-01-01
2020-10-06,"{'EUR': 0.1343941512, 'USD': 0.1585179013, 'GBP': 0.1223766262}",2018-01-01,DKK,2021-01-01
2020-10-07,"{'EUR': 0.1343706749, 'USD': 0.1581542844, 'GBP': 0.1228322651}",2018-01-01,DKK,2021-01-01
2020-10-08,"{'EUR': 0.1343670639, 'USD': 0.1580828507, 'GBP': 0.1223210567}",2018-01-01,DKK,2021-01-01
2020-10-09,"{'EUR': 0.1343688694, 'USD': 0.1584880815, 'GBP': 0.1225000672}",2018-01-01,DKK,2021-01-01
2020-10-12,"{'EUR': 0.134354427, 'USD': 0.1585247884, 'GBP': 0.1217224238}",2018-01-01,DKK,2021-01-01
2020-10-13,"{'EUR': 0.1343508169, 'USD': 0.1583593078, 'GBP': 0.1217097485}",2018-01-01,DKK,2021-01-01
2020-10-14,"{'EUR': 0.1343381829, 'USD': 0.157847365, 'GBP': 0.1214350005}",2018-01-01,DKK,2021-01-01
2020-10-15,"{'EUR': 0.1343562321, 'USD': 0.1571699203, 'GBP': 0.1216394147}",2018-01-01,DKK,2021-01-01
2020-10-16,"{'EUR': 0.1343724805, 'USD': 0.1577667294, 'GBP': 0.1221647407}",2018-01-01,DKK,2021-01-01
2020-10-19,"{'EUR': 0.1343905389, 'USD': 0.1583792501, 'GBP': 0.1217417014}",2018-01-01,DKK,2021-01-01
2020-10-20,"{'EUR': 0.1343634531, 'USD': 0.1586832382, 'GBP': 0.1227127981}",2018-01-01,DKK,2021-01-01
2020-10-21,"{'EUR': 0.1343508169, 'USD': 0.1592325881, 'GBP': 0.1219287403}",2018-01-01,DKK,2021-01-01
2020-10-22,"{'EUR': 0.134392345, 'USD': 0.158865191, 'GBP': 0.1213200016}",2018-01-01,DKK,2021-01-01
2020-10-23,"{'EUR': 0.1343959574, 'USD': 0.1593398471, 'GBP': 0.1218635343}",2018-01-01,DKK,2021-01-01
2020-10-26,"{'EUR': 0.1343869268, 'USD': 0.1588319088, 'GBP': 0.1219628555}",2018-01-01,DKK,2021-01-01
2020-10-27,"{'EUR': 0.1343977636, 'USD': 0.1590194339, 'GBP': 0.1219229632}",2018-01-01,DKK,2021-01-01
2020-10-28,"{'EUR': 0.134345402, 'USD': 0.157546853, 'GBP': 0.1218002284}",2018-01-01,DKK,2021-01-01
2020-10-29,"{'EUR': 0.1342966882, 'USD': 0.1571808439, 'GBP': 0.1214444952}",2018-01-01,DKK,2021-01-01
2020-10-30,"{'EUR': 0.1342894744, 'USD': 0.1570918271, 'GBP': 0.1211398491}",2018-01-01,DKK,2021-01-01
2020-11-02,"{'EUR': 0.1343093144, 'USD': 0.1564972131, 'GBP': 0.1209495669}",2018-01-01,DKK,2021-01-01
2020-11-03,"{'EUR': 0.1342966882, 'USD': 0.1571539846, 'GBP': 0.120923424}",2018-01-01,DKK,2021-01-01
2020-11-04,"{'EUR': 0.1342894744, 'USD': 0.1574006929, 'GBP': 0.1207987538}",2018-01-01,DKK,2021-01-01
2020-11-05,"{'EUR': 0.134287671, 'USD': 0.159198034, 'GBP': 0.1214631985}",2018-01-01,DKK,2021-01-01
2020-11-06,"{'EUR': 0.1342408011, 'USD': 0.159343831, 'GBP': 0.1213939565}",2018-01-01,DKK,2021-01-01
2020-11-09,"{'EUR': 0.1342714431, 'USD': 0.1595547559, 'GBP': 0.1211450669}",2018-01-01,DKK,2021-01-01
2020-11-10,"{'EUR': 0.1343273558, 'USD': 0.1586137417, 'GBP': 0.1197971657}",2018-01-01,DKK,2021-01-01
2020-11-11,"{'EUR': 0.1343508169, 'USD': 0.1580771711, 'GBP': 0.119484899}",2018-01-01,DKK,2021-01-01
2020-11-12,"{'EUR': 0.1343020991, 'USD': 0.1583556051, 'GBP': 0.1205562793}",2018-01-01,DKK,2021-01-01
2020-11-13,"{'EUR': 0.1342858678, 'USD': 0.1586587528, 'GBP': 0.1204315948}",2018-01-01,DKK,2021-01-01
2020-11-16,"{'EUR': 0.134264232, 'USD': 0.1588345865, 'GBP': 0.1205947905}",2018-01-01,DKK,2021-01-01
2020-11-17,"{'EUR': 0.134264232, 'USD': 0.1595327605, 'GBP': 0.1202806122}",2018-01-01,DKK,2021-01-01
2020-11-18,"{'EUR': 0.1341993666, 'USD': 0.1592678083, 'GBP': 0.1199379999}",2018-01-01,DKK,2021-01-01
2020-11-19,"{'EUR': 0.1342317915, 'USD': 0.1588230557, 'GBP': 0.1199736906}",2018-01-01,DKK,2021-01-01
2020-11-20,"{'EUR': 0.1342480098, 'USD': 0.159258414, 'GBP': 0.1200083234}",2018-01-01,DKK,2021-01-01
2020-11-23,"{'EUR': 0.1342786551, 'USD': 0.1598050274, 'GBP': 0.1193576109}",2018-01-01,DKK,2021-01-01
2020-11-24,"{'EUR': 0.1343652585, 'USD': 0.1594243792, 'GBP': 0.1196012039}",2018-01-01,DKK,2021-01-01
2020-11-25,"{'EUR': 0.1343742861, 'USD': 0.1597710262, 'GBP': 0.1197664575}",2018-01-01,DKK,2021-01-01
2020-11-26,"{'EUR': 0.1343724805, 'USD': 0.1599032518, 'GBP': 0.1197648482}",2018-01-01,DKK,2021-01-01
2020-11-27,"{'EUR': 0.1343815091, 'USD': 0.1602096352, 'GBP': 0.1201935094}",2018-01-01,DKK,2021-01-01
2020-11-30,"{'EUR': 0.1343869268, 'USD': 0.1609955384, 'GBP': 0.1207399344}",2018-01-01,DKK,2021-01-01
2020-12-01,"{'EUR': 0.1343345737, 'USD': 0.1607716178, 'GBP': 0.1206297605}",2018-01-01,DKK,2021-01-01
2020-12-02,"{'EUR': 0.1343399876, 'USD': 0.1620946291, 'GBP': 0.1215642548}",2018-01-01,DKK,2021-01-01
2020-12-03,"{'EUR': 0.1343381829, 'USD': 0.1632343261, 'GBP': 0.1213852953}",2018-01-01,DKK,2021-01-01
2020-12-04,"{'EUR': 0.1343562321, 'USD': 0.1633637426, 'GBP': 0.1212994935}",2018-01-01,DKK,2021-01-01
2020-12-07,"{'EUR': 0.1343490119, 'USD': 0.1629384816, 'GBP': 0.1225464512}",2018-01-01,DKK,2021-01-01
2020-12-08,"{'EUR': 0.1343435972, 'USD': 0.1627438336, 'GBP': 0.1224447848}",2018-01-01,DKK,2021-01-01
2020-12-09,"{'EUR': 0.1343562321, 'USD': 0.1626919615, 'GBP': 0.1209206089}",2018-01-01,DKK,2021-01-01
2020-12-10,"{'EUR': 0.1343670639, 'USD': 0.162785698, 'GBP': 0.1224083953}",2018-01-01,DKK,2021-01-01
2020-12-11,"{'EUR': 0.1343562321, 'USD': 0.1629338027, 'GBP': 0.1240027409}",2018-01-01,DKK,2021-01-01
2020-12-14,"{'EUR': 0.1343706749, 'USD': 0.1634216149, 'GBP': 0.1218742022}",2018-01-01,DKK,2021-01-01
2020-12-15,"{'EUR': 0.1343598425, 'USD': 0.1631128488, 'GBP': 0.121992019}",2018-01-01,DKK,2021-01-01
2020-12-16,"{'EUR': 0.1343815091, 'USD': 0.1637976214, 'GBP': 0.1208761674}",2018-01-01,DKK,2021-01-01
2020-12-17,"{'EUR': 0.1344122154, 'USD': 0.164601199, 'GBP': 0.1210382}",2018-01-01,DKK,2021-01-01
2020-12-18,"{'EUR': 0.1344212493, 'USD': 0.1647870095, 'GBP': 0.1220921323}",2018-01-01,DKK,2021-01-01
2020-12-21,"{'EUR': 0.1344067956, 'USD': 0.1636133923, 'GBP': 0.1231300655}",2018-01-01,DKK,2021-01-01
2020-12-22,"{'EUR': 0.1344067956, 'USD': 0.1645004771, 'GBP': 0.1225091061}",2018-01-01,DKK,2021-01-01
2020-12-23,"{'EUR': 0.1344447432, 'USD': 0.1635654746, 'GBP': 0.1219413821}",2018-01-01,DKK,2021-01-01
2020-12-24,"{'EUR': 0.1344284773, 'USD': 0.1639086424, 'GBP': 0.1207100512}",2018-01-01,DKK,2021-01-01
2020-12-28,"{'EUR': 0.1344790952, 'USD': 0.1643200065, 'GBP': 0.1215798604}",2018-01-01,DKK,2021-01-01
2020-12-29,"{'EUR': 0.1344411282, 'USD': 0.1648113791, 'GBP': 0.1221572423}",2018-01-01,DKK,2021-01-01
2020-12-30,"{'EUR': 0.1344212493, 'USD': 0.1650827363, 'GBP': 0.1213917976}",2018-01-01,DKK,2021-01-01
2020-12-31,"{'EUR': 0.134392345, 'USD': 0.1649128466, 'GBP': 0.1208227499}",2018-01-01,DKK,2021-01-01
